データコード,FM08'FXERD01,FM08'FXERD02,FM08'FXERD03,FM08'FXERD04,FM08'FXERD05,FM08'FXERD06,FM08'FXERD07,FM08'FXERD31,FM08'FXERD32,FM08'FXERD33,FM08'FXERD34,FM08'FXERD35,FM08'FXERD36,FM08'FXERD39,FM08'FXERD37,FM08'FXERD38,FM08'FXERD11,FM08'FXERD12,FM08'FXERD13,FM08'FXERD14,FM08'FXERD21,FM08'FXERD22
系列名称,"東京市場　ドル・円　スポット　9時時点","東京市場　ドル・円　スポット　最高値","東京市場　ドル・円　スポット　最安値","東京市場　ドル・円　スポット　17時時点","東京市場　ドル・円　スポット　中心相場","東京市場　ドル・円　スポット出来高","東京市場　ドル・円　スワップ出来高","東京市場　ユーロ・ドル　スポット　9時時点","東京市場　ユーロ・ドル　スポット　最高値","東京市場　ユーロ・ドル　スポット　最安値","東京市場　ユーロ・ドル　スポット　17時時点","東京市場　ユーロ・ドル　スポット出来高","東京市場　ユーロ・ドル　スワップ出来高","円インデックス","（更新停止）東京市場　ドル・円　オプション出来高（2012年1月31日まで）","（更新停止）東京市場　ユーロ・ドル　オプション出来高（2012年1月31日まで）","（更新停止）東京市場　ドル・円　フォワード・スプレッド1ヵ月（2010年2月26日まで）","（更新停止）東京市場　ドル・円　フォワード・スプレッド3ヵ月（2010年2月26日まで）","（更新停止）東京市場　ドル・円　フォワード・スプレッド1ヵ月　年率（2010年2月26日まで）","（更新停止）東京市場　ドル・円　フォワード・スプレッド3ヵ月　年率（2010年2月26日まで）","（更新停止）東京市場　ドル・円　通貨オプション　ボラティリティ1ヵ月（2010年2月26日まで）","（更新停止）東京市場　ドル・円　通貨オプション　ボラティリティ3ヵ月（2010年2月26日まで）"
2021/01/01,NA,NA,NA,NA,NA,NA,NA,NA,NA,NA,NA,NA,NA,NA,,,,,,,,
2021/01/02,NA,NA,NA,NA,NA,NA,NA,NA,NA,NA,NA,NA,NA,NA,,,,,,,,
2021/01/03,NA,NA,NA,NA,NA,NA,NA,NA,NA,NA,NA,NA,NA,NA,,,,,,,,
2021/01/04,103.25,103.31,102.85,102.92,103.08,2930,49861,1.225,1.2268,1.2232,1.2264,1262,5999,104.75,,,,,,,,
2021/01/05,103.14,103.18,102.88,102.94,103.14,3289,45127,1.2253,1.2276,1.2248,1.2259,1057,6343,105.02,,,,,,,,
2021/01/06,102.69,102.87,102.6,102.75,102.8,3693,49317,1.2299,1.2345,1.2276,1.234,2663,9453,104.65,,,,,,,,
2021/01/07,103.03,103.37,102.95,103.37,102.99,4505,47207,1.2339,1.2344,1.2308,1.2312,1437,3977,104.24,,,,,,,,
2021/01/08,103.81,104,103.77,103.98,103.83,5024,52236,1.2269,1.2271,1.223,1.2239,1534,4473,104.16,,,,,,,,
2021/01/09,NA,NA,NA,NA,NA,NA,NA,NA,NA,NA,NA,NA,NA,NA,,,,,,,,
2021/01/10,NA,NA,NA,NA,NA,NA,NA,NA,NA,NA,NA,NA,NA,NA,,,,,,,,
2021/01/11,NA,NA,NA,NA,NA,NA,NA,NA,NA,NA,NA,NA,NA,NA,,,,,,,,
2021/01/12,104.14,104.32,104.11,104.16,104.21,3682,36948,1.2161,1.217,1.2139,1.2164,1280,11503,104.25,,,,,,,,
2021/01/13,103.75,103.8,103.53,103.69,103.67,3033,53995,1.2209,1.2222,1.2202,1.2204,1177,8480,104.25,,,,,,,,
2021/01/14,103.84,104.2,103.79,104.04,103.94,3740,46539,1.2162,1.217,1.2135,1.2143,1446,5695,104.27,,,,,,,,
2021/01/15,103.84,103.85,103.65,103.7,103.83,3091,35147,1.2151,1.2161,1.2135,1.2135,1143,3339,104.49,,,,,,,,
2021/01/16,NA,NA,NA,NA,NA,NA,NA,NA,NA,NA,NA,NA,NA,NA,,,,,,,,
2021/01/17,NA,NA,NA,NA,NA,NA,NA,NA,NA,NA,NA,NA,NA,NA,,,,,,,,
2021/01/18,103.92,103.93,103.7,103.76,103.72,3480,32167,1.2067,1.2085,1.2065,1.2068,945,2990,104.76,,,,,,,,
2021/01/19,103.71,104.08,103.66,104,104,4186,49585,1.2077,1.2107,1.2077,1.2105,1204,7497,104.36,,,,,,,,
2021/01/20,103.91,103.93,103.72,103.75,103.92,3466,50946,1.2141,1.2157,1.2128,1.2156,1249,8554,104.57,,,,,,,,
2021/01/21,103.56,103.67,103.33,103.53,103.53,3633,54578,1.2115,1.2138,1.2109,1.212,1353,5711,104.51,,,,,,,,
2021/01/22,103.51,103.69,103.49,103.68,103.58,4003,46844,1.2166,1.2178,1.2154,1.2157,1120,9006,104.47,,,,,,,,
2021/01/23,NA,NA,NA,NA,NA,NA,NA,NA,NA,NA,NA,NA,NA,NA,,,,,,,,
2021/01/24,NA,NA,NA,NA,NA,NA,NA,NA,NA,NA,NA,NA,NA,NA,,,,,,,,
2021/01/25,103.79,103.89,103.68,103.71,103.82,3211,38103,1.2168,1.2183,1.2161,1.218,1019,5650,104.56,,,,,,,,
2021/01/26,103.76,103.83,103.66,103.81,103.75,2053,46623,1.2143,1.2146,1.2108,1.2113,607,5804,104.52,,,,,,,,
2021/01/27,103.6,103.75,103.59,103.68,103.68,2732,54810,1.2163,1.217,1.2151,1.2155,1296,7230,104.35,,,,,,,,
2021/01/28,104.15,104.37,104.07,104.31,104.28,5558,56917,1.2103,1.2108,1.2081,1.2094,1798,5941,104.03,,,,,,,,
2021/01/29,104.31,104.57,104.21,104.55,104.48,7237,52036,1.2121,1.2124,1.2095,1.2105,1396,9207,103.5,,,,,,,,
2021/01/30,NA,NA,NA,NA,NA,NA,NA,NA,NA,NA,NA,NA,NA,NA,,,,,,,,
2021/01/31,NA,NA,NA,NA,NA,NA,NA,NA,NA,NA,NA,NA,NA,NA,,,,,,,,
2021/02/01,104.71,104.82,104.61,104.75,104.68,2985,36447,1.2123,1.2135,1.212,1.2127,956,16249,103.56,,,,,,,,
2021/02/02,104.89,105.03,104.83,104.99,104.9,3261,42316,1.2068,1.2087,1.206,1.2069,1841,7089,103.42,,,,,,,,
2021/02/03,105.03,105.09,104.92,105.06,105.02,4163,30295,1.2037,1.205,1.2028,1.2038,1405,7019,103.39,,,,,,,,
2021/02/04,105,105.26,104.98,105.2,105.02,3614,30953,1.2042,1.2042,1.2,1.2008,2077,7428,103.13,,,,,,,,
2021/02/05,105.58,105.72,105.45,105.5,105.54,4762,50210,1.1966,1.1969,1.1952,1.1964,1201,5385,103.03,,,,,,,,
2021/02/06,NA,NA,NA,NA,NA,NA,NA,NA,NA,NA,NA,NA,NA,NA,,,,,,,,
2021/02/07,NA,NA,NA,NA,NA,NA,NA,NA,NA,NA,NA,NA,NA,NA,,,,,,,,
2021/02/08,105.4,105.54,105.35,105.49,105.51,3434,45422,1.205,1.206,1.203,1.2041,861,13407,103.08,,,,,,,,
2021/02/09,105.21,105.26,104.75,104.78,104.92,4061,56566,1.2053,1.2086,1.2048,1.2081,994,13776,103.43,,,,,,,,
2021/02/10,104.58,104.71,104.51,104.52,104.61,3649,44529,1.2117,1.2133,1.211,1.213,1252,17492,103.51,,,,,,,,
2021/02/11,NA,NA,NA,NA,NA,NA,NA,NA,NA,NA,NA,NA,NA,NA,,,,,,,,
2021/02/12,104.76,104.94,104.74,104.93,104.85,5063,22200,1.2131,1.2133,1.2113,1.2116,1059,2682,103.11,,,,,,,,
2021/02/13,NA,NA,NA,NA,NA,NA,NA,NA,NA,NA,NA,NA,NA,NA,,,,,,,,
2021/02/14,NA,NA,NA,NA,NA,NA,NA,NA,NA,NA,NA,NA,NA,NA,,,,,,,,
2021/02/15,105.07,105.21,104.95,105.18,105.05,3017,19785,1.2121,1.214,1.2117,1.2133,682,3524,102.6,,,,,,,,
2021/02/16,105.39,105.63,105.34,105.49,105.47,4550,58861,1.2132,1.215,1.2129,1.213,1054,12017,102.11,,,,,,,,
2021/02/17,106.12,106.22,105.84,106.03,106.15,5508,41226,1.2089,1.2104,1.2071,1.2074,1291,12322,102.41,,,,,,,,
2021/02/18,105.86,105.92,105.7,105.82,105.72,5035,46553,1.2046,1.205,1.2036,1.2048,844,7887,102.65,,,,,,,,
2021/02/19,105.66,105.74,105.55,105.6,105.71,3541,43434,1.2092,1.2113,1.2083,1.211,1049,8237,102.62,,,,,,,,
2021/02/20,NA,NA,NA,NA,NA,NA,NA,NA,NA,NA,NA,NA,NA,NA,,,,,,,,
2021/02/21,NA,NA,NA,NA,NA,NA,NA,NA,NA,NA,NA,NA,NA,NA,,,,,,,,
2021/02/22,105.54,105.82,105.43,105.82,105.48,4078,31147,1.2125,1.2134,1.2106,1.211,763,8174,103.08,,,,,,,,
2021/02/23,NA,NA,NA,NA,NA,NA,NA,NA,NA,NA,NA,NA,NA,NA,,,,,,,,
2021/02/24,105.3,105.57,105.19,105.57,105.5,4866,41387,1.2151,1.2165,1.2143,1.2156,1329,9481,102.14,,,,,,,,
2021/02/25,105.96,106.13,105.84,106.01,106.05,5475,45122,1.217,1.2187,1.2151,1.2187,1714,10177,102.11,,,,,,,,
2021/02/26,106.39,106.43,105.85,106.09,106.23,6896,61742,1.2158,1.2182,1.2132,1.2135,2416,8923,102.16,,,,,,,,
2021/02/27,NA,NA,NA,NA,NA,NA,NA,NA,NA,NA,NA,NA,NA,NA,,,,,,,,
2021/02/28,NA,NA,NA,NA,NA,NA,NA,NA,NA,NA,NA,NA,NA,NA,,,,,,,,
2021/03/01,106.48,106.7,106.37,106.6,106.48,3982,56579,1.2091,1.2101,1.2074,1.2077,1073,8895,101.83,,,,,,,,
2021/03/02,106.85,106.93,106.73,106.85,106.85,3556,46149,1.2048,1.205,1.2004,1.2008,2127,15282,101.91,,,,,,,,
2021/03/03,106.76,106.9,106.7,106.82,106.85,2591,46323,1.2085,1.2108,1.2079,1.2094,1169,9520,101.68,,,,,,,,
2021/03/04,107.08,107.17,106.97,107.16,107.04,3540,57317,1.2048,1.2064,1.2044,1.2053,1633,10861,101.04,,,,,,,,
2021/03/05,107.95,108.35,107.82,108.27,107.88,6063,47571,1.1967,1.1975,1.1949,1.195,2060,11330,100.99,,,,,,,,
2021/03/06,NA,NA,NA,NA,NA,NA,NA,NA,NA,NA,NA,NA,NA,NA,,,,,,,,
2021/03/07,NA,NA,NA,NA,NA,NA,NA,NA,NA,NA,NA,NA,NA,NA,,,,,,,,
2021/03/08,108.4,108.52,108.28,108.51,108.35,3348,47072,1.1926,1.1931,1.1881,1.1886,1119,8475,100.97,,,,,,,,
2021/03/09,108.93,109.23,108.76,108.81,109.11,6094,48374,1.1851,1.1887,1.1836,1.1881,1191,8630,101.04,,,,,,,,
2021/03/10,108.58,108.92,108.51,108.73,108.81,4609,53518,1.1897,1.19,1.1869,1.1884,1061,10075,101.02,,,,,,,,
2021/03/11,108.45,108.81,108.36,108.67,108.51,4751,33760,1.1925,1.1945,1.1915,1.1938,1073,5012,100.58,,,,,,,,
2021/03/12,108.58,109.08,108.5,109.04,108.75,4656,47527,1.1982,1.1989,1.1938,1.1946,1147,9515,100.32,,,,,,,,
2021/03/13,NA,NA,NA,NA,NA,NA,NA,NA,NA,NA,NA,NA,NA,NA,,,,,,,,
2021/03/14,NA,NA,NA,NA,NA,NA,NA,NA,NA,NA,NA,NA,NA,NA,,,,,,,,
2021/03/15,109.12,109.36,108.92,109.19,109.05,4225,45812,1.1951,1.1967,1.1919,1.1921,1033,6074,100.21,,,,,,,,
2021/03/16,109.13,109.28,109.1,109.26,109.19,2963,41801,1.1927,1.1938,1.1914,1.1917,465,6477,100.39,,,,,,,,
2021/03/17,109.03,109.21,108.99,109.16,109.13,4102,48384,1.1903,1.1908,1.1891,1.1891,624,11997,100.31,,,,,,,,
2021/03/18,108.9,109.29,108.63,109.21,108.96,4958,42598,1.1983,1.1989,1.1945,1.1947,1618,11201,100.49,,,,,,,,
2021/03/19,108.94,109.14,108.72,108.75,109.09,4663,24208,1.1918,1.1934,1.1902,1.1934,957,11121,100.51,,,,,,,,
2021/03/20,NA,NA,NA,NA,NA,NA,NA,NA,NA,NA,NA,NA,NA,NA,,,,,,,,
2021/03/21,NA,NA,NA,NA,NA,NA,NA,NA,NA,NA,NA,NA,NA,NA,,,,,,,,
2021/03/22,108.88,108.95,108.65,108.69,108.9,4225,30962,1.1884,1.19,1.1875,1.1885,934,6534,100.51,,,,,,,,
2021/03/23,108.78,108.87,108.68,108.77,108.85,3098,50545,1.1933,1.194,1.1903,1.1905,1166,6816,101.12,,,,,,,,
2021/03/24,108.53,108.65,108.45,108.61,108.63,4326,42965,1.184,1.1851,1.182,1.1821,1466,9900,101.15,,,,,,,,
2021/03/25,108.8,109.09,108.73,109.09,108.88,4411,37042,1.1813,1.1827,1.1804,1.1806,1227,11672,100.91,,,,,,,,
2021/03/26,109.18,109.36,109.13,109.33,109.3,5541,50510,1.1776,1.1787,1.1772,1.1787,1726,9212,100.36,,,,,,,,
2021/03/27,NA,NA,NA,NA,NA,NA,NA,NA,NA,NA,NA,NA,NA,NA,,,,,,,,
2021/03/28,NA,NA,NA,NA,NA,NA,NA,NA,NA,NA,NA,NA,NA,NA,,,,,,,,
2021/03/29,109.8,109.8,109.38,109.66,109.65,4823,42689,1.1788,1.1792,1.1774,1.1787,983,10861,100.44,,,,,,,,
2021/03/30,109.84,110.26,109.77,110.23,109.98,5899,44288,1.1768,1.1773,1.1733,1.1734,1024,6492,100.08,,,,,,,,
2021/03/31,110.31,110.97,110.28,110.74,110.7,11116,68589,1.1724,1.1736,1.1705,1.1732,1223,10717,99.54,,,,,,,,
2021/04/01,110.76,110.83,110.58,110.69,110.79,5432,47909,1.1727,1.1742,1.1713,1.1741,1143,6763,99.6,,,,,,,,
2021/04/02,110.62,110.67,110.44,110.55,110.63,3088,44507,1.1778,1.1784,1.177,1.1777,613,848,99.58,,,,,,,,
2021/04/03,NA,NA,NA,NA,NA,NA,NA,NA,NA,NA,NA,NA,NA,NA,,,,,,,,
2021/04/04,NA,NA,NA,NA,NA,NA,NA,NA,NA,NA,NA,NA,NA,NA,,,,,,,,
2021/04/05,110.69,110.75,110.53,110.64,110.58,3247,42505,1.1767,1.1771,1.1743,1.1744,538,3362,99.91,,,,,,,,
2021/04/06,110.2,110.4,110.13,110.31,110.28,4215,50373,1.1817,1.1821,1.1798,1.182,961,11153,100.04,,,,,,,,
2021/04/07,109.8,109.9,109.58,109.8,109.77,4229,66214,1.1874,1.188,1.1864,1.1879,738,6234,100.02,,,,,,,,
2021/04/08,109.86,109.9,109.48,109.51,109.83,3687,60960,1.1873,1.1892,1.1861,1.1883,912,7571,100.49,,,,,,,,
2021/04/09,109.34,109.55,109.21,109.51,109.28,4414,46530,1.1916,1.192,1.1885,1.1898,1172,5761,100.21,,,,,,,,
2021/04/10,NA,NA,NA,NA,NA,NA,NA,NA,NA,NA,NA,NA,NA,NA,,,,,,,,
2021/04/11,NA,NA,NA,NA,NA,NA,NA,NA,NA,NA,NA,NA,NA,NA,,,,,,,,
2021/04/12,109.73,109.77,109.43,109.46,109.73,3184,37172,1.1897,1.1904,1.1875,1.1873,712,5587,100.48,,,,,,,,
2021/04/13,109.39,109.75,109.3,109.32,109.56,3440,45021,1.1912,1.1914,1.1884,1.1904,1366,11598,100.66,,,,,,,,
2021/04/14,108.93,109.07,108.76,109,108.82,3893,34903,1.1955,1.1974,1.195,1.1958,1589,4494,100.55,,,,,,,,
2021/04/15,108.9,108.96,108.79,108.82,108.88,4676,56042,1.1983,1.199,1.197,1.198,1398,7070,100.62,,,,,,,,
2021/04/16,108.69,108.96,108.61,108.9,108.85,4308,32816,1.197,1.1989,1.1951,1.1988,1571,8126,100.53,,,,,,,,
2021/04/17,NA,NA,NA,NA,NA,NA,NA,NA,NA,NA,NA,NA,NA,NA,,,,,,,,
2021/04/18,NA,NA,NA,NA,NA,NA,NA,NA,NA,NA,NA,NA,NA,NA,,,,,,,,
2021/04/19,108.73,108.83,108.2,108.22,108.63,7448,40065,1.1969,1.202,1.1943,1.202,5252,8758,100.92,,,,,,,,
2021/04/20,108.12,108.54,107.98,108.41,108.19,4909,53160,1.2043,1.2078,1.2038,1.207,1781,8520,100.99,,,,,,,,
2021/04/21,108.14,108.26,107.88,108.23,108.07,4143,36002,1.2033,1.2043,1.2004,1.2011,669,6169,100.95,,,,,,,,
2021/04/22,108.05,108.14,107.82,107.91,108.03,4311,35560,1.2038,1.2048,1.203,1.2044,1217,5178,101.1,,,,,,,,
2021/04/23,108,108,107.8,107.92,107.9,4504,39061,1.2015,1.2055,1.2014,1.2054,959,6194,101.05,,,,,,,,
2021/04/24,NA,NA,NA,NA,NA,NA,NA,NA,NA,NA,NA,NA,NA,NA,,,,,,,,
2021/04/25,NA,NA,NA,NA,NA,NA,NA,NA,NA,NA,NA,NA,NA,NA,,,,,,,,
2021/04/26,107.89,107.94,107.65,107.72,107.88,4564,35661,1.209,1.2116,1.2089,1.2098,1881,6780,100.72,,,,,,,,
2021/04/27,108.2,108.38,108.1,108.34,108.25,3968,35994,1.2079,1.2086,1.2066,1.2071,817,6097,100.17,,,,,,,,
2021/04/28,108.76,109.08,108.72,109.02,108.92,4455,26252,1.2089,1.209,1.206,1.2074,653,7440,100.1,,,,,,,,
2021/04/29,NA,NA,NA,NA,NA,NA,NA,NA,NA,NA,NA,NA,NA,NA,,,,,,,,
2021/04/30,108.91,109.06,108.72,108.89,108.95,5310,27438,1.2125,1.2126,1.21,1.2103,703,6648,99.67,,,,,,,,
2021/05/01,NA,NA,NA,NA,NA,NA,NA,NA,NA,NA,NA,NA,NA,NA,,,,,,,,
2021/05/02,NA,NA,NA,NA,NA,NA,NA,NA,NA,NA,NA,NA,NA,NA,,,,,,,,
2021/05/03,NA,NA,NA,NA,NA,NA,NA,NA,NA,NA,NA,NA,NA,NA,,,,,,,,
2021/05/04,NA,NA,NA,NA,NA,NA,NA,NA,NA,NA,NA,NA,NA,NA,,,,,,,,
2021/05/05,NA,NA,NA,NA,NA,NA,NA,NA,NA,NA,NA,NA,NA,NA,,,,,,,,
2021/05/06,109.23,109.42,109.17,109.34,109.3,3109,30540,1.2008,1.2029,1.1993,1.2025,1018,9251,99.66,,,,,,,,
2021/05/07,109.05,109.19,108.95,109.15,109.13,2975,47214,1.2065,1.2088,1.2053,1.2077,928,4151,99.65,,,,,,,,
2021/05/08,NA,NA,NA,NA,NA,NA,NA,NA,NA,NA,NA,NA,NA,NA,,,,,,,,
2021/05/09,NA,NA,NA,NA,NA,NA,NA,NA,NA,NA,NA,NA,NA,NA,,,,,,,,
2021/05/10,108.58,109.05,108.48,108.92,108.86,3349,43484,1.217,1.2175,1.2138,1.2148,818,3488,99.42,,,,,,,,
2021/05/11,108.85,108.99,108.79,108.95,108.9,3543,28413,1.2141,1.215,1.2123,1.2142,604,4479,99.68,,,,,,,,
2021/05/12,108.72,108.9,108.62,108.8,108.85,3787,44536,1.2145,1.2149,1.2116,1.2134,1391,6783,99.19,,,,,,,,
2021/05/13,109.67,109.78,109.48,109.67,109.61,4286,43377,1.2078,1.2105,1.2072,1.2086,753,6901,99.27,,,,,,,,
2021/05/14,109.52,109.65,109.34,109.39,109.6,4020,46538,1.2077,1.2118,1.2072,1.2115,1498,7784,99.16,,,,,,,,
2021/05/15,NA,NA,NA,NA,NA,NA,NA,NA,NA,NA,NA,NA,NA,NA,,,,,,,,
2021/05/16,NA,NA,NA,NA,NA,NA,NA,NA,NA,NA,NA,NA,NA,NA,,,,,,,,
2021/05/17,109.43,109.5,109.16,109.25,109.43,3345,42650,1.215,1.2151,1.2127,1.2136,825,5618,99.38,,,,,,,,
2021/05/18,109.25,109.28,108.95,108.98,109.2,3407,36159,1.2156,1.2205,1.2154,1.2202,1058,5042,99.38,,,,,,,,
2021/05/19,108.87,109.11,108.83,109.08,108.99,3809,49959,1.2222,1.2245,1.2217,1.2221,1806,10377,99.32,,,,,,,,
2021/05/20,109.27,109.3,108.96,108.98,109.23,3304,50501,1.217,1.2204,1.217,1.2202,1316,10350,99.56,,,,,,,,
2021/05/21,108.86,108.9,108.68,108.7,108.86,3335,47589,1.2226,1.2239,1.221,1.2217,1536,6400,99.49,,,,,,,,
2021/05/22,NA,NA,NA,NA,NA,NA,NA,NA,NA,NA,NA,NA,NA,NA,,,,,,,,
2021/05/23,NA,NA,NA,NA,NA,NA,NA,NA,NA,NA,NA,NA,NA,NA,,,,,,,,
2021/05/24,108.92,108.99,108.7,108.77,108.97,2957,32346,1.2181,1.2199,1.2172,1.2197,1787,6905,99.49,,,,,,,,
2021/05/25,108.85,108.86,108.58,108.72,108.83,3926,36228,1.2214,1.2261,1.2213,1.2256,2110,4674,99.38,,,,,,,,
2021/05/26,108.8,108.89,108.73,108.84,108.8,3384,32428,1.2248,1.2262,1.2235,1.2244,1788,7953,98.96,,,,,,,,
2021/05/27,109.18,109.2,109.04,109.1,109.2,4659,41762,1.2192,1.2207,1.2176,1.2205,1975,4775,98.31,,,,,,,,
2021/05/28,109.82,109.96,109.81,109.89,109.9,7038,30245,1.2193,1.2195,1.2172,1.2189,2892,4940,98.15,,,,,,,,
2021/05/29,NA,NA,NA,NA,NA,NA,NA,NA,NA,NA,NA,NA,NA,NA,,,,,,,,
2021/05/30,NA,NA,NA,NA,NA,NA,NA,NA,NA,NA,NA,NA,NA,NA,,,,,,,,
2021/05/31,109.91,109.93,109.64,109.72,109.78,3679,23481,1.219,1.2204,1.2185,1.2191,519,6386,98.27,,,,,,,,
2021/06/01,109.5,109.56,109.33,109.49,109.4,3280,52921,1.2233,1.2241,1.2218,1.2241,838,6483,98.44,,,,,,,,
2021/06/02,109.5,109.78,109.47,109.78,109.62,3680,44189,1.2218,1.2226,1.2198,1.2201,1019,8784,98.36,,,,,,,,
2021/06/03,109.59,109.84,109.57,109.84,109.61,2614,36609,1.221,1.2214,1.218,1.2181,1099,7360,98.06,,,,,,,,
2021/06/04,110.29,110.32,110.15,110.19,110.25,3920,39206,1.2131,1.2132,1.2104,1.2113,1417,5714,98.53,,,,,,,,
2021/06/05,NA,NA,NA,NA,NA,NA,NA,NA,NA,NA,NA,NA,NA,NA,,,,,,,,
2021/06/06,NA,NA,NA,NA,NA,NA,NA,NA,NA,NA,NA,NA,NA,NA,,,,,,,,
2021/06/07,109.62,109.63,109.38,109.43,109.55,4094,44341,1.2167,1.2172,1.2145,1.2168,611,5185,98.74,,,,,,,,
2021/06/08,109.28,109.53,109.2,109.53,109.4,4181,31026,1.2191,1.2193,1.2165,1.2172,1012,3698,98.59,,,,,,,,
2021/06/09,109.48,109.5,109.34,109.45,109.45,2709,32169,1.2173,1.2185,1.2172,1.2183,694,6422,98.41,,,,,,,,
2021/06/10,109.62,109.68,109.45,109.55,109.62,4046,26620,1.2178,1.2181,1.2156,1.2161,1518,5115,98.65,,,,,,,,
2021/06/11,109.39,109.48,109.33,109.44,109.4,3024,35505,1.2174,1.2192,1.2171,1.2183,949,6981,98.52,,,,,,,,
2021/06/12,NA,NA,NA,NA,NA,NA,NA,NA,NA,NA,NA,NA,NA,NA,,,,,,,,
2021/06/13,NA,NA,NA,NA,NA,NA,NA,NA,NA,NA,NA,NA,NA,NA,,,,,,,,
2021/06/14,109.72,109.83,109.65,109.7,109.77,2816,26576,1.211,1.2121,1.2095,1.2118,2001,8176,98.16,,,,,,,,
2021/06/15,110.04,110.15,110,110.05,110.08,3245,34239,1.2122,1.2147,1.2114,1.2144,1395,4978,98.24,,,,,,,,
2021/06/16,110.09,110.15,109.9,109.94,110.1,2399,46303,1.2125,1.2134,1.2117,1.2133,1359,1698,98.05,,,,,,,,
2021/06/17,110.78,110.82,110.55,110.6,110.68,5425,32314,1.1995,1.2004,1.1945,1.1955,3538,6873,98.99,,,,,,,,
2021/06/18,110.33,110.33,109.95,110.01,110.29,3871,29997,1.1914,1.1925,1.1888,1.1916,2652,4977,99.19,,,,,,,,
2021/06/19,NA,NA,NA,NA,NA,NA,NA,NA,NA,NA,NA,NA,NA,NA,,,,,,,,
2021/06/20,NA,NA,NA,NA,NA,NA,NA,NA,NA,NA,NA,NA,NA,NA,,,,,,,,
2021/06/21,110.21,110.25,109.72,110.03,110.23,4095,33143,1.1871,1.1883,1.1848,1.1884,1252,5028,99.07,,,,,,,,
2021/06/22,110.39,110.53,110.22,110.49,110.38,3673,40404,1.1913,1.1919,1.1892,1.1902,731,5476,98.78,,,,,,,,
2021/06/23,110.65,110.91,110.63,110.88,110.75,4143,30591,1.1937,1.1943,1.1914,1.1939,1242,5943,98.5,,,,,,,,
2021/06/24,111.02,111.11,110.76,110.88,111.06,2859,45619,1.1931,1.1942,1.1918,1.1932,680,5731,98.5,,,,,,,,
2021/06/25,110.93,110.99,110.75,110.76,110.98,4109,28630,1.1928,1.195,1.1928,1.1948,944,6347,98.47,,,,,,,,
2021/06/26,NA,NA,NA,NA,NA,NA,NA,NA,NA,NA,NA,NA,NA,NA,,,,,,,,
2021/06/27,NA,NA,NA,NA,NA,NA,NA,NA,NA,NA,NA,NA,NA,NA,,,,,,,,
2021/06/28,110.81,110.84,110.62,110.65,110.69,3117,36831,1.1941,1.1944,1.192,1.1942,1592,10166,98.64,,,,,,,,
2021/06/29,110.61,110.69,110.46,110.7,110.52,3749,37388,1.193,1.1929,1.1907,1.191,1349,5872,98.89,,,,,,,,
2021/06/30,110.54,110.6,110.44,110.55,110.5,5752,40518,1.19,1.1909,1.1895,1.1901,1340,10454,98.39,,,,,,,,
2021/07/01,111.14,111.28,111.03,111.28,111.09,4685,45365,1.1857,1.186,1.1838,1.1848,1274,3060,98.2,,,,,,,,
2021/07/02,111.57,111.66,111.54,111.57,111.6,4227,24290,1.1846,1.1851,1.1823,1.1825,1076,3006,98.55,,,,,,,,
2021/07/03,NA,NA,NA,NA,NA,NA,NA,NA,NA,NA,NA,NA,NA,NA,,,,,,,,
2021/07/04,NA,NA,NA,NA,NA,NA,NA,NA,NA,NA,NA,NA,NA,NA,,,,,,,,
2021/07/05,111.14,111.19,110.88,110.91,111.14,3093,28896,1.1857,1.1872,1.1852,1.1873,770,5036,98.56,,,,,,,,
2021/07/06,110.92,110.95,110.75,110.78,110.86,3416,28795,1.1863,1.1895,1.186,1.1873,1261,4608,99.15,,,,,,,,
2021/07/07,110.6,110.74,110.4,110.64,110.5,5226,49263,1.1823,1.1834,1.1815,1.1826,1735,3302,99.2,,,,,,,,
2021/07/08,110.63,110.65,109.77,109.79,110.56,5603,54060,1.1794,1.1819,1.1784,1.1821,1548,7828,100.18,,,,,,,,
2021/07/09,109.81,110.13,109.77,110.02,109.9,3945,42311,1.1847,1.185,1.1825,1.1841,958,8668,99.62,,,,,,,,
2021/07/10,NA,NA,NA,NA,NA,NA,NA,NA,NA,NA,NA,NA,NA,NA,,,,,,,,
2021/07/11,NA,NA,NA,NA,NA,NA,NA,NA,NA,NA,NA,NA,NA,NA,,,,,,,,
2021/07/12,110.23,110.27,110.02,110.05,110.16,2339,27966,1.1873,1.188,1.1857,1.1878,737,4549,99.44,,,,,,,,
2021/07/13,110.33,110.44,110.29,110.37,110.38,3152,44001,1.1864,1.1875,1.1848,1.1852,1149,4865,99.36,,,,,,,,
2021/07/14,110.59,110.7,110.42,110.51,110.65,3417,46378,1.1775,1.1795,1.1772,1.1785,859,3988,99.77,,,,,,,,
2021/07/15,110,110.02,109.75,109.78,109.91,4021,43415,1.1834,1.1846,1.1822,1.1836,1143,6488,99.92,,,,,,,,
2021/07/16,109.78,110.2,109.74,110.17,109.89,3774,43582,1.1812,1.1816,1.1799,1.1802,863,5268,99.85,,,,,,,,
2021/07/17,NA,NA,NA,NA,NA,NA,NA,NA,NA,NA,NA,NA,NA,NA,,,,,,,,
2021/07/18,NA,NA,NA,NA,NA,NA,NA,NA,NA,NA,NA,NA,NA,NA,,,,,,,,
2021/07/19,109.89,110.07,109.8,109.85,109.87,2933,40758,1.1813,1.1813,1.1779,1.178,1081,7128,100.7,,,,,,,,
2021/07/20,109.53,109.7,109.38,109.63,109.49,4592,48078,1.1792,1.1802,1.1775,1.1784,735,5488,100.3,,,,,,,,
2021/07/21,109.92,110.13,109.8,110.09,109.97,4910,31541,1.1782,1.1783,1.1752,1.1761,479,5957,99.73,,,,,,,,
2021/07/22,NA,NA,NA,NA,NA,NA,NA,NA,NA,NA,NA,NA,NA,NA,,,,,,,,
2021/07/23,NA,NA,NA,NA,NA,NA,NA,NA,NA,NA,NA,NA,NA,NA,,,,,,,,
2021/07/24,NA,NA,NA,NA,NA,NA,NA,NA,NA,NA,NA,NA,NA,NA,,,,,,,,
2021/07/25,NA,NA,NA,NA,NA,NA,NA,NA,NA,NA,NA,NA,NA,NA,,,,,,,,
2021/07/26,110.55,110.58,110.13,110.21,110.4,2952,52500,1.1774,1.18,1.1764,1.1783,918,10160,99.69,,,,,,,,
2021/07/27,110.31,110.38,109.99,110.09,110.25,3217,44618,1.1805,1.1812,1.1776,1.1783,905,1637,100.4,,,,,,,,
2021/07/28,109.81,109.97,109.75,109.98,109.86,3032,33230,1.1821,1.1827,1.1804,1.1806,1267,7316,100.03,,,,,,,,
2021/07/29,109.89,109.94,109.68,109.87,109.75,3741,30863,1.1846,1.187,1.1841,1.187,2069,4986,100.08,,,,,,,,
2021/07/30,109.42,109.63,109.37,109.53,109.5,5383,59351,1.1891,1.1895,1.1876,1.1896,2884,8281,99.99,,,,,,,,
2021/07/31,NA,NA,NA,NA,NA,NA,NA,NA,NA,NA,NA,NA,NA,NA,,,,,,,,
2021/08/01,NA,NA,NA,NA,NA,NA,NA,NA,NA,NA,NA,NA,NA,NA,,,,,,,,
2021/08/02,109.72,109.77,109.61,109.67,109.64,2694,34291,1.1866,1.1885,1.186,1.1882,584,9683,100.34,,,,,,,,
2021/08/03,109.28,109.34,109.1,109.22,109.3,3896,35238,1.1875,1.1882,1.1869,1.1878,661,10621,100.6,,,,,,,,
2021/08/04,108.99,109.14,108.93,109.11,109.04,4203,42423,1.1869,1.188,1.1861,1.1878,1350,1139,100.2,,,,,,,,
2021/08/05,109.54,109.75,109.48,109.57,109.65,3620,46947,1.1838,1.1848,1.1831,1.1849,1480,2077,99.93,,,,,,,,
2021/08/06,109.76,109.88,109.7,109.72,109.87,3256,47701,1.1834,1.1834,1.1819,1.1825,1102,7528,99.82,,,,,,,,
2021/08/07,NA,NA,NA,NA,NA,NA,NA,NA,NA,NA,NA,NA,NA,NA,,,,,,,,
2021/08/08,NA,NA,NA,NA,NA,NA,NA,NA,NA,NA,NA,NA,NA,NA,,,,,,,,
2021/08/09,NA,NA,NA,NA,NA,NA,NA,NA,NA,NA,NA,NA,NA,NA,,,,,,,,
2021/08/10,110.32,110.46,110.29,110.45,110.33,3127,42741,1.1737,1.1741,1.1727,1.1732,1066,8486,99.68,,,,,,,,
2021/08/11,110.6,110.79,110.55,110.75,110.67,2457,42311,1.172,1.1725,1.1706,1.1713,967,10275,99.68,,,,,,,,
2021/08/12,110.38,110.47,110.32,110.38,110.35,1933,29828,1.1742,1.1745,1.1733,1.1742,514,4708,99.77,,,,,,,,
2021/08/13,110.41,110.46,110.26,110.3,110.45,2370,40989,1.1736,1.1742,1.1731,1.1735,960,6067,100.4,,,,,,,,
2021/08/14,NA,NA,NA,NA,NA,NA,NA,NA,NA,NA,NA,NA,NA,NA,,,,,,,,
2021/08/15,NA,NA,NA,NA,NA,NA,NA,NA,NA,NA,NA,NA,NA,NA,,,,,,,,
2021/08/16,109.63,109.75,109.3,109.41,109.49,3476,30313,1.1795,1.18,1.178,1.1781,549,4923,100.79,,,,,,,,
2021/08/17,109.3,109.4,109.12,109.33,109.3,3219,27475,1.1778,1.178,1.1762,1.1773,950,5777,100.74,,,,,,,,
2021/08/18,109.54,109.68,109.48,109.61,109.57,2594,29089,1.1709,1.1729,1.1701,1.1724,1204,6466,100.54,,,,,,,,
2021/08/19,109.85,110.22,109.75,109.78,109.98,4474,43502,1.1703,1.1715,1.1666,1.1683,2750,5586,100.85,,,,,,,,
2021/08/20,109.78,109.88,109.58,109.62,109.86,3879,39764,1.1677,1.1688,1.1675,1.1681,976,5318,100.81,,,,,,,,
2021/08/21,NA,NA,NA,NA,NA,NA,NA,NA,NA,NA,NA,NA,NA,NA,,,,,,,,
2021/08/22,NA,NA,NA,NA,NA,NA,NA,NA,NA,NA,NA,NA,NA,NA,,,,,,,,
2021/08/23,109.84,109.99,109.82,109.91,109.84,2151,44967,1.1698,1.1726,1.1694,1.1723,1018,6275,100.57,,,,,,,,
2021/08/24,109.69,109.88,109.65,109.77,109.76,2154,46150,1.1744,1.1747,1.1734,1.1738,962,3617,100.41,,,,,,,,
2021/08/25,109.73,109.87,109.67,109.75,109.84,3739,33238,1.1753,1.1758,1.1733,1.1738,1226,3825,100.03,,,,,,,,
2021/08/26,109.99,110.22,109.93,110.17,110,3604,43514,1.1772,1.1773,1.1757,1.177,1402,5187,100.12,,,,,,,,
2021/08/27,110.05,110.11,109.89,110.11,110,3893,44443,1.1754,1.177,1.1743,1.1761,1901,7203,100.04,,,,,,,,
2021/08/28,NA,NA,NA,NA,NA,NA,NA,NA,NA,NA,NA,NA,NA,NA,,,,,,,,
2021/08/29,NA,NA,NA,NA,NA,NA,NA,NA,NA,NA,NA,NA,NA,NA,,,,,,,,
2021/08/30,109.86,109.87,109.7,109.81,109.74,2249,40501,1.1799,1.181,1.1796,1.1802,1081,5585,99.91,,,,,,,,
2021/08/31,109.95,109.98,109.79,109.82,109.87,3959,38780,1.1796,1.1831,1.1796,1.1828,2209,10221,99.63,,,,,,,,
2021/09/01,110.06,110.42,109.99,110.4,110.26,6756,40701,1.181,1.1813,1.1794,1.1806,1592,10032,99.59,,,,,,,,
2021/09/02,110.1,110.12,109.92,110.01,109.97,3883,37047,1.1842,1.185,1.1835,1.1847,1375,10656,99.58,,,,,,,,
2021/09/03,109.96,110.07,109.8,110.04,109.93,4486,30286,1.1874,1.1884,1.1873,1.1875,2005,5210,99.72,,,,,,,,
2021/09/04,NA,NA,NA,NA,NA,NA,NA,NA,NA,NA,NA,NA,NA,NA,,,,,,,,
2021/09/05,NA,NA,NA,NA,NA,NA,NA,NA,NA,NA,NA,NA,NA,NA,,,,,,,,
2021/09/06,109.77,109.94,109.73,109.9,109.83,2437,23526,1.1886,1.1886,1.1861,1.1863,1085,4222,99.63,,,,,,,,
2021/09/07,109.83,109.95,109.67,109.9,109.8,4070,41578,1.1874,1.1885,1.1863,1.1876,1433,6430,99.44,,,,,,,,
2021/09/08,110.3,110.45,110.18,110.25,110.27,3689,52195,1.1844,1.185,1.1829,1.1831,905,8815,99.58,,,,,,,,
2021/09/09,110.22,110.27,109.9,109.96,110.2,3332,44491,1.1819,1.1826,1.1812,1.1823,1480,6639,99.96,,,,,,,,
2021/09/10,109.77,109.99,109.7,109.95,109.78,4461,45855,1.1824,1.1843,1.1819,1.1843,1291,6885,99.71,,,,,,,,
2021/09/11,NA,NA,NA,NA,NA,NA,NA,NA,NA,NA,NA,NA,NA,NA,,,,,,,,
2021/09/12,NA,NA,NA,NA,NA,NA,NA,NA,NA,NA,NA,NA,NA,NA,,,,,,,,
2021/09/13,109.93,110.16,109.85,110.09,109.96,3249,21339,1.1812,1.1813,1.1775,1.1787,1609,4404,99.74,,,,,,,,
2021/09/14,110,110.11,109.96,110.01,110.07,3290,42492,1.1811,1.183,1.1807,1.1825,964,9591,100,,,,,,,,
2021/09/15,109.72,109.74,109.43,109.44,109.64,5624,37860,1.1803,1.1818,1.18,1.1817,1272,5241,100.15,,,,,,,,
2021/09/16,109.39,109.46,109.22,109.36,109.4,4083,43735,1.1819,1.182,1.1779,1.1782,1127,6767,100.17,,,,,,,,
2021/09/17,109.7,109.95,109.67,109.95,109.8,3977,43432,1.1765,1.1785,1.1759,1.1773,909,5328,100.2,,,,,,,,
2021/09/18,NA,NA,NA,NA,NA,NA,NA,NA,NA,NA,NA,NA,NA,NA,,,,,,,,
2021/09/19,NA,NA,NA,NA,NA,NA,NA,NA,NA,NA,NA,NA,NA,NA,,,,,,,,
2021/09/20,NA,NA,NA,NA,NA,NA,NA,NA,NA,NA,NA,NA,NA,NA,,,,,,,,
2021/09/21,109.44,109.7,109.35,109.64,109.55,3606,33086,1.1727,1.174,1.1719,1.1727,702,4749,100.93,,,,,,,,
2021/09/22,109.16,109.6,109.12,109.45,109.22,5477,32650,1.1723,1.1737,1.1717,1.173,1123,13026,100.47,,,,,,,,
2021/09/23,NA,NA,NA,NA,NA,NA,NA,NA,NA,NA,NA,NA,NA,NA,,,,,,,,
2021/09/24,110.33,110.57,110.26,110.47,110.4,4891,38605,1.1741,1.1747,1.1732,1.1739,888,10129,99.57,,,,,,,,
2021/09/25,NA,NA,NA,NA,NA,NA,NA,NA,NA,NA,NA,NA,NA,NA,,,,,,,,
2021/09/26,NA,NA,NA,NA,NA,NA,NA,NA,NA,NA,NA,NA,NA,NA,,,,,,,,
2021/09/27,110.77,110.81,110.53,110.78,110.8,4677,47263,1.1723,1.1725,1.1695,1.1695,1159,4158,99.33,,,,,,,,
2021/09/28,110.97,111.43,110.94,111.25,111.03,5372,45741,1.1696,1.1702,1.1673,1.1687,1596,6812,99.11,,,,,,,,
2021/09/29,111.53,111.68,111.28,111.3,111.63,5340,52694,1.1687,1.1689,1.1657,1.1662,1706,8035,98.95,,,,,,,,
2021/09/30,111.94,112.05,111.8,111.88,111.91,5856,51475,1.1601,1.1608,1.1593,1.1605,1145,7184,99.37,,,,,,,,
2021/10/01,111.47,111.48,111.05,111.27,111.4,4549,60719,1.1574,1.1588,1.1564,1.1579,988,8556,99.45,,,,,,,,
2021/10/02,NA,NA,NA,NA,NA,NA,NA,NA,NA,NA,NA,NA,NA,NA,,,,,,,,
2021/10/03,NA,NA,NA,NA,NA,NA,NA,NA,NA,NA,NA,NA,NA,NA,,,,,,,,
2021/10/04,110.96,111.19,110.89,111.17,110.97,2697,37335,1.1607,1.1614,1.1588,1.161,1018,5342,99.56,,,,,,,,
2021/10/05,110.96,111.25,110.88,111.1,110.92,3804,37635,1.1617,1.162,1.159,1.1598,975,5921,99.13,,,,,,,,
2021/10/06,111.49,111.78,111.47,111.68,111.62,4196,50400,1.1595,1.1598,1.1556,1.1557,850,7687,99.3,,,,,,,,
2021/10/07,111.41,111.5,111.24,111.3,111.38,2226,46708,1.1556,1.157,1.155,1.1569,485,9440,99.07,,,,,,,,
2021/10/08,111.67,111.99,111.63,111.96,111.72,4991,21892,1.156,1.156,1.1542,1.1548,1301,5357,98.57,,,,,,,,
2021/10/09,NA,NA,NA,NA,NA,NA,NA,NA,NA,NA,NA,NA,NA,NA,,,,,,,,
2021/10/10,NA,NA,NA,NA,NA,NA,NA,NA,NA,NA,NA,NA,NA,NA,,,,,,,,
2021/10/11,112.27,112.84,112.18,112.79,112.5,5618,27224,1.1566,1.1586,1.1564,1.1575,2167,5236,97.69,,,,,,,,
2021/10/12,113.39,113.49,113,113.3,113.48,6154,31761,1.1554,1.157,1.1548,1.1556,1716,7441,97.44,,,,,,,,
2021/10/13,113.54,113.61,113.35,113.58,113.48,4186,53812,1.1531,1.1556,1.153,1.1551,1417,8076,97.41,,,,,,,,
2021/10/14,113.3,113.59,113.21,113.38,113.38,3729,45912,1.1598,1.1611,1.1588,1.1608,1276,7600,97.01,,,,,,,,
2021/10/15,113.84,114.18,113.69,114.1,113.89,6768,57624,1.1591,1.1615,1.1589,1.1612,982,11210,96.49,,,,,,,,
2021/10/16,NA,NA,NA,NA,NA,NA,NA,NA,NA,NA,NA,NA,NA,NA,,,,,,,,
2021/10/17,NA,NA,NA,NA,NA,NA,NA,NA,NA,NA,NA,NA,NA,NA,,,,,,,,
2021/10/18,114.34,114.45,114.02,114.3,114.27,5241,39485,1.1596,1.1602,1.1572,1.1593,1014,7978,96.45,,,,,,,,
2021/10/19,114.29,114.35,113.88,114.02,114.14,4792,50401,1.1614,1.1658,1.161,1.1654,1724,9054,96,,,,,,,,
2021/10/20,114.54,114.69,114.3,114.35,114.55,6867,53434,1.1632,1.1651,1.1619,1.1625,843,6257,96.05,,,,,,,,
2021/10/21,114.39,114.41,113.91,114.12,114.26,5062,49078,1.1653,1.1667,1.1639,1.1641,1153,5400,96.45,,,,,,,,
2021/10/22,113.85,114.2,113.82,113.89,114.02,4212,48483,1.1625,1.1645,1.1621,1.1642,624,3418,96.78,,,,,,,,
2021/10/23,NA,NA,NA,NA,NA,NA,NA,NA,NA,NA,NA,NA,NA,NA,,,,,,,,
2021/10/24,NA,NA,NA,NA,NA,NA,NA,NA,NA,NA,NA,NA,NA,NA,,,,,,,,
2021/10/25,113.66,113.83,113.5,113.64,113.71,4437,38745,1.164,1.1665,1.1636,1.1658,1285,1631,96.55,,,,,,,,
2021/10/26,113.77,114.08,113.72,114.05,113.95,3379,35933,1.161,1.161,1.1596,1.1598,1297,6112,96.18,,,,,,,,
2021/10/27,114.18,114.22,113.68,113.74,114.15,4516,61556,1.1597,1.1612,1.1594,1.1606,1252,6612,96.55,,,,,,,,
2021/10/28,113.78,113.87,113.51,113.61,113.6,4595,47342,1.1599,1.1613,1.159,1.1609,1863,5275,96.6,,,,,,,,
2021/10/29,113.62,113.71,113.4,113.61,113.65,6094,57394,1.1683,1.169,1.1658,1.1671,1612,11822,96.6,,,,,,,,
2021/10/30,NA,NA,NA,NA,NA,NA,NA,NA,NA,NA,NA,NA,NA,NA,,,,,,,,
2021/10/31,NA,NA,NA,NA,NA,NA,NA,NA,NA,NA,NA,NA,NA,NA,,,,,,,,
2021/11/01,114.24,114.43,114.03,114.43,114.12,5582,39728,1.1557,1.1564,1.1547,1.1564,1426,11347,96.53,,,,,,,,
2021/11/02,114.1,114.13,113.59,113.66,114.1,4954,44073,1.16,1.1613,1.1596,1.161,758,12316,96.64,,,,,,,,
2021/11/03,NA,NA,NA,NA,NA,NA,NA,NA,NA,NA,NA,NA,NA,NA,,,,,,,,
2021/11/04,114.06,114.28,113.98,114.22,114.15,4490,43514,1.1616,1.1616,1.1568,1.1572,1200,5186,96.88,,,,,,,,
2021/11/05,113.83,113.85,113.56,113.77,113.77,5530,58820,1.1556,1.1563,1.1541,1.1561,1844,4942,97.08,,,,,,,,
2021/11/06,NA,NA,NA,NA,NA,NA,NA,NA,NA,NA,NA,NA,NA,NA,,,,,,,,
2021/11/07,NA,NA,NA,NA,NA,NA,NA,NA,NA,NA,NA,NA,NA,NA,,,,,,,,
2021/11/08,113.48,113.67,113.4,113.57,113.59,3904,44946,1.1568,1.157,1.1552,1.156,1083,7931,97.09,,,,,,,,
2021/11/09,113.26,113.29,112.73,112.85,113.25,6766,32403,1.1588,1.1606,1.1578,1.1596,2461,2371,97.35,,,,,,,,
2021/11/10,112.92,113.14,112.78,113.1,112.85,4784,19492,1.1595,1.1595,1.1558,1.1569,2623,878,96.75,,,,,,,,
2021/11/11,113.91,114.15,113.86,114.08,113.95,3545,31529,1.1486,1.1487,1.146,1.1461,2124,3788,96.68,,,,,,,,
2021/11/12,114.05,114.3,114.03,114.05,114.24,5372,53874,1.1448,1.1455,1.1436,1.1451,2041,7701,96.75,,,,,,,,
2021/11/13,NA,NA,NA,NA,NA,NA,NA,NA,NA,NA,NA,NA,NA,NA,,,,,,,,
2021/11/14,NA,NA,NA,NA,NA,NA,NA,NA,NA,NA,NA,NA,NA,NA,,,,,,,,
2021/11/15,113.99,114.03,113.75,113.95,113.98,4025,33985,1.1442,1.1463,1.1442,1.145,1043,3901,96.69,,,,,,,,
2021/11/16,114.13,114.31,114.11,114.27,114.19,5617,37025,1.1367,1.1385,1.136,1.138,2210,5200,96.3,,,,,,,,
2021/11/17,114.91,114.97,114.7,114.89,114.85,5498,35373,1.1319,1.1326,1.1264,1.1303,3142,7193,96.83,,,,,,,,
2021/11/18,114.2,114.26,113.88,114.02,114.17,5761,33584,1.1318,1.1338,1.1315,1.1335,1471,5057,96.69,,,,,,,,
2021/11/19,114.29,114.4,114.24,114.37,114.33,6001,46948,1.1368,1.1372,1.1344,1.1344,2609,6206,97.15,,,,,,,,
2021/11/20,NA,NA,NA,NA,NA,NA,NA,NA,NA,NA,NA,NA,NA,NA,,,,,,,,
2021/11/21,NA,NA,NA,NA,NA,NA,NA,NA,NA,NA,NA,NA,NA,NA,,,,,,,,
2021/11/22,114.15,114.26,113.98,114.22,114.09,4036,32993,1.1276,1.1289,1.1261,1.1262,2839,5438,96.56,,,,,,,,
2021/11/23,NA,NA,NA,NA,NA,NA,NA,NA,NA,NA,NA,NA,NA,NA,,,,,,,,
2021/11/24,115.15,115.24,114.86,114.9,115.19,5377,35489,1.1245,1.1248,1.1233,1.1245,1976,2304,96.3,,,,,,,,
2021/11/25,115.42,115.45,115.31,115.39,115.37,2969,27455,1.1203,1.1219,1.1201,1.1216,1353,3536,96.35,,,,,,,,
2021/11/26,115.07,115.36,114.15,114.17,114.92,8657,44924,1.1209,1.1244,1.1208,1.1234,2502,6126,98.11,,,,,,,,
2021/11/27,NA,NA,NA,NA,NA,NA,NA,NA,NA,NA,NA,NA,NA,NA,,,,,,,,
2021/11/28,NA,NA,NA,NA,NA,NA,NA,NA,NA,NA,NA,NA,NA,NA,,,,,,,,
2021/11/29,113.72,113.87,112.99,113.57,113.7,8544,39730,1.1293,1.1312,1.1262,1.1264,1567,7023,97.92,,,,,,,,
2021/11/30,113.81,113.9,112.95,113.19,113.8,11005,47342,1.1293,1.1333,1.1285,1.1329,2406,8636,97.96,,,,,,,,
2021/12/01,113.3,113.63,113.1,113.42,113.4,6824,54636,1.1331,1.1351,1.1317,1.1341,1896,7493,98.35,,,,,,,,
2021/12/02,112.88,113.33,112.65,113.27,112.96,5523,38074,1.132,1.1338,1.1308,1.1311,1164,6576,98.14,,,,,,,,
2021/12/03,113.03,113.4,112.96,113.38,113.13,5650,41944,1.1306,1.1307,1.1282,1.1294,1613,7753,98.47,,,,,,,,
2021/12/04,NA,NA,NA,NA,NA,NA,NA,NA,NA,NA,NA,NA,NA,NA,,,,,,,,
2021/12/05,NA,NA,NA,NA,NA,NA,NA,NA,NA,NA,NA,NA,NA,NA,,,,,,,,
2021/12/06,113.05,113.17,112.85,113.15,113.05,4195,40482,1.1305,1.1307,1.1275,1.1276,852,7631,97.89,,,,,,,,
2021/12/07,113.47,113.74,113.4,113.64,113.7,3871,37414,1.1284,1.1297,1.1276,1.129,1227,7101,97.65,,,,,,,,
2021/12/08,113.52,113.69,113.33,113.41,113.48,4895,43062,1.1273,1.1295,1.1269,1.1286,1134,5613,97.29,,,,,,,,
2021/12/09,113.7,113.82,113.45,113.49,113.75,3258,42876,1.1344,1.1344,1.1317,1.1322,1254,8391,97.75,,,,,,,,
2021/12/10,113.44,113.62,113.34,113.59,113.44,4210,31308,1.1294,1.1303,1.1287,1.1294,1492,6293,97.73,,,,,,,,
2021/12/11,NA,NA,NA,NA,NA,NA,NA,NA,NA,NA,NA,NA,NA,NA,,,,,,,,
2021/12/12,NA,NA,NA,NA,NA,NA,NA,NA,NA,NA,NA,NA,NA,NA,,,,,,,,
2021/12/13,113.52,113.59,113.35,113.55,113.55,2832,51089,1.1311,1.1319,1.1284,1.1291,1037,7274,97.74,,,,,,,,
2021/12/14,113.58,113.74,113.48,113.72,113.65,4809,37006,1.1283,1.1284,1.1271,1.1271,931,6304,97.69,,,,,,,,
2021/12/15,113.75,113.8,113.63,113.74,113.78,4100,38542,1.1258,1.1276,1.1254,1.1265,1023,4129,97.33,,,,,,,,
2021/12/16,114.15,114.25,114.04,114.12,114.13,5170,58319,1.1291,1.1312,1.1282,1.1307,1627,4309,97.57,,,,,,,,
2021/12/17,113.67,113.87,113.45,113.66,113.85,5466,45290,1.1334,1.1349,1.1318,1.1318,1277,5756,97.82,,,,,,,,
2021/12/18,NA,NA,NA,NA,NA,NA,NA,NA,NA,NA,NA,NA,NA,NA,,,,,,,,
2021/12/19,NA,NA,NA,NA,NA,NA,NA,NA,NA,NA,NA,NA,NA,NA,,,,,,,,
2021/12/20,113.52,113.71,113.35,113.46,113.59,4357,38189,1.1243,1.1259,1.1235,1.1255,900,5860,97.78,,,,,,,,
2021/12/21,113.67,113.77,113.57,113.66,113.65,3926,37113,1.1278,1.1294,1.1274,1.1288,764,4760,97.27,,,,,,,,
2021/12/22,114,114.2,113.95,114.15,114.16,5904,38765,1.1288,1.1294,1.1265,1.1268,946,5357,97.11,,,,,,,,
2021/12/23,114.14,114.28,114.08,114.26,114.21,4107,43911,1.1327,1.1342,1.1322,1.1329,1822,6122,96.76,,,,,,,,
2021/12/24,114.47,114.51,114.3,114.36,114.49,2967,34489,1.1324,1.1335,1.1321,1.1332,375,3121,96.73,,,,,,,,
2021/12/25,NA,NA,NA,NA,NA,NA,NA,NA,NA,NA,NA,NA,NA,NA,,,,,,,,
2021/12/26,NA,NA,NA,NA,NA,NA,NA,NA,NA,NA,NA,NA,NA,NA,,,,,,,,
2021/12/27,114.35,114.49,114.33,114.47,114.4,4203,28843,1.1324,1.1329,1.1314,1.133,543,2802,96.33,,,,,,,,
2021/12/28,114.79,114.96,114.77,114.85,114.95,4013,34718,1.133,1.1331,1.1316,1.1318,604,4450,96.4,,,,,,,,
2021/12/29,114.77,114.93,114.75,114.89,114.85,3175,32618,1.1314,1.1313,1.1298,1.1301,661,8111,96.24,,,,,,,,
2021/12/30,114.95,115.2,114.95,115.12,115,3869,34675,1.136,1.136,1.1315,1.1318,922,12760,96.2,,,,,,,,
2021/12/31,NA,NA,NA,NA,NA,NA,NA,NA,NA,NA,NA,NA,NA,NA,,,,,,,,
2022/01/01,NA,NA,NA,NA,NA,NA,NA,NA,NA,NA,NA,NA,NA,NA,,,,,,,,
2022/01/02,NA,NA,NA,NA,NA,NA,NA,NA,NA,NA,NA,NA,NA,NA,,,,,,,,
2022/01/03,NA,NA,NA,NA,NA,NA,NA,NA,NA,NA,NA,NA,NA,NA,,,,,,,,
2022/01/04,115.34,115.81,115.3,115.74,115.42,5462,49320,1.1303,1.1309,1.1285,1.1291,770,10890,95.41,,,,,,,,
2022/01/05,116.17,116.24,115.91,116.04,116.2,4782,47527,1.1283,1.1302,1.1277,1.13,632,3759,95.42,,,,,,,,
2022/01/06,116.13,116.18,115.79,115.88,116.04,4466,37323,1.1311,1.132,1.1285,1.129,1310,5290,95.85,,,,,,,,
2022/01/07,115.87,116.05,115.84,115.9,115.89,3670,48890,1.1296,1.1305,1.129,1.1305,638,4872,95.88,,,,,,,,
2022/01/08,NA,NA,NA,NA,NA,NA,NA,NA,NA,NA,NA,NA,NA,NA,,,,,,,,
2022/01/09,NA,NA,NA,NA,NA,NA,NA,NA,NA,NA,NA,NA,NA,NA,,,,,,,,
2022/01/10,NA,NA,NA,NA,NA,NA,NA,NA,NA,NA,NA,NA,NA,NA,,,,,,,,
2022/01/11,115.28,115.38,115.13,115.26,115.32,4113,35381,1.1331,1.1344,1.1328,1.1342,695,5769,95.9,,,,,,,,
2022/01/12,115.34,115.43,115.23,115.4,115.33,3841,45778,1.1367,1.1378,1.1356,1.1359,1454,4626,96.18,,,,,,,,
2022/01/13,114.68,114.7,114.39,114.41,114.66,5153,37566,1.144,1.1467,1.1436,1.1465,1769,4426,96.56,,,,,,,,
2022/01/14,114.12,114.22,113.64,113.8,114,7161,22657,1.1456,1.1482,1.1452,1.1466,945,3585,96.64,,,,,,,,
2022/01/15,NA,NA,NA,NA,NA,NA,NA,NA,NA,NA,NA,NA,NA,NA,,,,,,,,
2022/01/16,NA,NA,NA,NA,NA,NA,NA,NA,NA,NA,NA,NA,NA,NA,,,,,,,,
2022/01/17,114.31,114.54,114.18,114.41,114.47,3232,27199,1.1412,1.1427,1.1401,1.1425,691,4175,96.24,,,,,,,,
2022/01/18,114.57,115.06,114.46,114.87,114.54,6342,51299,1.1411,1.142,1.1385,1.1398,1353,5076,96.47,,,,,,,,
2022/01/19,114.56,114.79,114.21,114.43,114.7,5139,47088,1.133,1.1342,1.132,1.1331,1262,5062,96.57,,,,,,,,
2022/01/20,114.35,114.55,114.03,114.4,114.28,5264,50895,1.1343,1.1366,1.1341,1.136,977,3234,96.79,,,,,,,,
2022/01/21,113.99,114.15,113.63,113.87,113.83,5366,40857,1.1314,1.1336,1.1301,1.1329,1446,4213,97.13,,,,,,,,
2022/01/22,NA,NA,NA,NA,NA,NA,NA,NA,NA,NA,NA,NA,NA,NA,,,,,,,,
2022/01/23,NA,NA,NA,NA,NA,NA,NA,NA,NA,NA,NA,NA,NA,NA,,,,,,,,
2022/01/24,113.79,113.98,113.66,113.76,113.83,3849,42361,1.1341,1.1344,1.1316,1.1323,949,5326,96.99,,,,,,,,
2022/01/25,114.01,114.1,113.67,113.89,113.98,5207,42467,1.1324,1.1328,1.1303,1.1303,912,8330,97.05,,,,,,,,
2022/01/26,113.9,113.98,113.78,113.98,113.81,3052,38849,1.1304,1.131,1.129,1.1292,859,4941,96.56,,,,,,,,
2022/01/27,114.73,114.8,114.48,114.78,114.67,6679,35401,1.1241,1.1243,1.1195,1.1198,2938,11362,96.4,,,,,,,,
2022/01/28,115.35,115.67,115.28,115.65,115.44,5559,40306,1.1144,1.1156,1.1126,1.1135,1389,5969,96.51,,,,,,,,
2022/01/29,NA,NA,NA,NA,NA,NA,NA,NA,NA,NA,NA,NA,NA,NA,,,,,,,,
2022/01/30,NA,NA,NA,NA,NA,NA,NA,NA,NA,NA,NA,NA,NA,NA,,,,,,,,
2022/01/31,115.27,115.59,115.22,115.43,115.43,4890,45875,1.1153,1.117,1.1141,1.1171,1040,8580,96.38,,,,,,,,
2022/02/01,115.13,115.19,114.89,114.94,115.15,4144,57939,1.123,1.1268,1.1221,1.1266,1538,11014,96.59,,,,,,,,
2022/02/02,114.74,114.8,114.59,114.63,114.7,2739,39431,1.1274,1.1283,1.1268,1.1281,862,4957,96.72,,,,,,,,
2022/02/03,114.39,114.6,114.33,114.59,114.45,3004,52877,1.13,1.1308,1.1289,1.1298,1107,5681,96.12,,,,,,,,
2022/02/04,114.97,115.12,114.82,115.11,115,3978,50114,1.1435,1.1472,1.1432,1.1468,2803,6643,95.91,,,,,,,,
2022/02/05,NA,NA,NA,NA,NA,NA,NA,NA,NA,NA,NA,NA,NA,NA,,,,,,,,
2022/02/06,NA,NA,NA,NA,NA,NA,NA,NA,NA,NA,NA,NA,NA,NA,,,,,,,,
2022/02/07,115.23,115.37,115.14,115.26,115.23,5050,30544,1.1455,1.1466,1.1425,1.1433,1217,5945,96.02,,,,,,,,
2022/02/08,115.07,115.54,115.06,115.49,115.29,4959,44042,1.1442,1.1448,1.1397,1.1399,1694,10896,95.69,,,,,,,,
2022/02/09,115.54,115.69,115.32,115.41,115.53,3593,46227,1.1421,1.1432,1.1403,1.1409,1078,8107,95.59,,,,,,,,
2022/02/10,115.6,115.71,115.48,115.6,115.59,6461,49457,1.1422,1.1431,1.1414,1.143,993,15102,95.21,,,,,,,,
2022/02/11,NA,NA,NA,NA,NA,NA,NA,NA,NA,NA,NA,NA,NA,NA,,,,,,,,
2022/02/12,NA,NA,NA,NA,NA,NA,NA,NA,NA,NA,NA,NA,NA,NA,,,,,,,,
2022/02/13,NA,NA,NA,NA,NA,NA,NA,NA,NA,NA,NA,NA,NA,NA,,,,,,,,
2022/02/14,115.59,115.59,115.29,115.41,115.4,4470,42848,1.1365,1.1369,1.1337,1.1338,1438,12975,95.77,,,,,,,,
2022/02/15,115.54,115.56,115.26,115.35,115.42,4391,46559,1.1307,1.1327,1.1304,1.1313,1533,10421,95.49,,,,,,,,
2022/02/16,115.65,115.74,115.53,115.65,115.69,3250,50668,1.1355,1.1378,1.1345,1.1376,1077,11269,95.47,,,,,,,,
2022/02/17,115.4,115.53,115.08,115.3,115.45,5677,36557,1.1374,1.1385,1.1323,1.1376,2377,7564,95.99,,,,,,,,
2022/02/18,114.86,115.28,114.79,115.12,114.94,5079,22844,1.1364,1.1373,1.1359,1.1371,1375,3897,95.94,,,,,,,,
2022/02/19,NA,NA,NA,NA,NA,NA,NA,NA,NA,NA,NA,NA,NA,NA,,,,,,,,
2022/02/20,NA,NA,NA,NA,NA,NA,NA,NA,NA,NA,NA,NA,NA,NA,,,,,,,,
2022/02/21,114.96,115.12,114.88,114.93,115.05,3259,19629,1.1317,1.1378,1.1314,1.1374,1465,4043,96.25,,,,,,,,
2022/02/22,114.61,114.8,114.5,114.74,114.7,5054,39529,1.131,1.132,1.1288,1.1297,1562,10045,95.9,,,,,,,,
2022/02/23,NA,NA,NA,NA,NA,NA,NA,NA,NA,NA,NA,NA,NA,NA,,,,,,,,
2022/02/24,114.9,115.11,114.41,114.62,114.94,8100,56719,1.1306,1.1306,1.1209,1.1246,3915,3905,96.04,,,,,,,,
2022/02/25,115.55,115.62,115.15,115.28,115.54,6227,65316,1.1191,1.1228,1.1187,1.121,1568,14674,95.72,,,,,,,,
2022/02/26,NA,NA,NA,NA,NA,NA,NA,NA,NA,NA,NA,NA,NA,NA,,,,,,,,
2022/02/27,NA,NA,NA,NA,NA,NA,NA,NA,NA,NA,NA,NA,NA,NA,,,,,,,,
2022/02/28,115.59,115.79,115.25,115.5,115.55,6780,67542,1.118,1.12,1.1127,1.119,3252,10541,96.45,,,,,,,,
2022/03/01,115.09,115.29,114.98,115.04,115.25,6222,70600,1.1214,1.123,1.1191,1.123,1459,8084,96.77,,,,,,,,
2022/03/02,114.85,115.18,114.79,115.16,115,5275,48680,1.1132,1.1134,1.1084,1.1094,1853,6362,96.21,,,,,,,,
2022/03/03,115.52,115.73,115.45,115.73,115.6,4135,51331,1.1113,1.1119,1.1091,1.1098,1254,5159,96.41,,,,,,,,
2022/03/04,115.49,115.56,115.25,115.46,115.38,6690,41997,1.1066,1.1066,1.1008,1.1013,3957,7524,97.38,,,,,,,,
2022/03/05,NA,NA,NA,NA,NA,NA,NA,NA,NA,NA,NA,NA,NA,NA,,,,,,,,
2022/03/06,NA,NA,NA,NA,NA,NA,NA,NA,NA,NA,NA,NA,NA,NA,,,,,,,,
2022/03/07,114.95,115.12,114.83,115.02,114.92,4731,46308,1.0874,1.093,1.0823,1.0871,3059,7986,97.43,,,,,,,,
2022/03/08,115.37,115.53,115.28,115.45,115.47,4914,47097,1.0867,1.0885,1.0849,1.0861,1921,7597,97.05,,,,,,,,
2022/03/09,115.73,115.92,115.69,115.89,115.87,4077,51727,1.0898,1.0928,1.089,1.0917,2077,3755,96.52,,,,,,,,
2022/03/10,115.92,116.2,115.85,115.93,116,4513,41790,1.1074,1.1073,1.1042,1.1065,2062,4219,96.43,,,,,,,,
2022/03/11,116.19,116.8,116.12,116.72,116.3,7119,36482,1.1013,1.1018,1.0981,1.0985,1398,3959,95.78,,,,,,,,
2022/03/12,NA,NA,NA,NA,NA,NA,NA,NA,NA,NA,NA,NA,NA,NA,,,,,,,,
2022/03/13,NA,NA,NA,NA,NA,NA,NA,NA,NA,NA,NA,NA,NA,NA,,,,,,,,
2022/03/14,117.55,117.88,117.35,117.73,117.58,4717,34220,1.0933,1.094,1.0901,1.0933,1179,4161,95.17,,,,,,,,
2022/03/15,118.22,118.45,117.85,117.98,118.23,6259,42484,1.0943,1.1019,1.0931,1.1005,1422,3838,94.96,,,,,,,,
2022/03/16,118.32,118.43,118.17,118.38,118.39,2955,34515,1.0968,1.0981,1.0953,1.096,1096,4681,94.15,,,,,,,,
2022/03/17,118.87,119.02,118.6,118.67,118.97,5692,36387,1.1022,1.1052,1.1011,1.1045,1378,6378,94.04,,,,,,,,
2022/03/18,118.5,119,118.48,118.86,118.68,5790,59298,1.1099,1.1118,1.1074,1.1079,1411,12921,93.72,,,,,,,,
2022/03/19,NA,NA,NA,NA,NA,NA,NA,NA,NA,NA,NA,NA,NA,NA,,,,,,,,
2022/03/20,NA,NA,NA,NA,NA,NA,NA,NA,NA,NA,NA,NA,NA,NA,,,,,,,,
2022/03/21,NA,NA,NA,NA,NA,NA,NA,NA,NA,NA,NA,NA,NA,NA,,,,,,,,
2022/03/22,119.59,120.5,119.44,120.48,120,8619,40175,1.1017,1.1026,1.0961,1.0984,1789,4800,92.53,,,,,,,,
2022/03/23,121.35,121.41,120.8,121.07,121.19,6223,42805,1.103,1.1042,1.1015,1.1018,804,6748,92.29,,,,,,,,
2022/03/24,121.13,121.74,120.96,121.63,121.24,5770,47134,1.1006,1.1012,1.0976,1.0979,946,7624,91.4,,,,,,,,
2022/03/25,122.35,122.43,121.18,121.74,121.82,8018,47493,1.1009,1.1037,1.1003,1.1023,1066,4739,91.62,,,,,,,,
2022/03/26,NA,NA,NA,NA,NA,NA,NA,NA,NA,NA,NA,NA,NA,NA,,,,,,,,
2022/03/27,NA,NA,NA,NA,NA,NA,NA,NA,NA,NA,NA,NA,NA,NA,,,,,,,,
2022/03/28,122.27,124.02,122.15,123.93,122.22,8508,35717,1.0982,1.0984,1.0945,1.0952,1630,3283,90.33,,,,,,,,
2022/03/29,123.6,124.31,123.12,123.58,124.2,10257,57093,1.0992,1.1018,1.0969,1.1,1426,4231,90.68,,,,,,,,
2022/03/30,123.12,123.2,121.33,121.87,122.5,8839,37735,1.1091,1.1134,1.1088,1.1129,1342,6681,91.18,,,,,,,,
2022/03/31,122.03,122.45,121.35,121.64,122.4,12283,58572,1.1161,1.1184,1.1148,1.1151,1690,9953,91.36,,,,,,,,
2022/04/01,121.75,122.73,121.7,122.64,122.2,8512,61823,1.1074,1.1075,1.1043,1.1053,1134,9158,90.97,,,,,,,,
2022/04/02,NA,NA,NA,NA,NA,NA,NA,NA,NA,NA,NA,NA,NA,NA,,,,,,,,
2022/04/03,NA,NA,NA,NA,NA,NA,NA,NA,NA,NA,NA,NA,NA,NA,,,,,,,,
2022/04/04,122.63,122.8,122.27,122.66,122.43,4049,37479,1.1046,1.1053,1.1029,1.1032,434,7953,90.77,,,,,,,,
2022/04/05,122.8,122.98,122.38,122.9,122.55,4169,51042,1.0975,1.0987,1.0962,1.0981,757,5819,90.33,,,,,,,,
2022/04/06,123.66,124.05,123.55,123.89,124,5992,42731,1.0906,1.0907,1.0875,1.0896,1311,8310,90.24,,,,,,,,
2022/04/07,123.73,123.92,123.47,123.76,123.64,3876,45583,1.0898,1.0933,1.0896,1.0898,1325,7792,90.17,,,,,,,,
2022/04/08,124.1,124.23,123.68,124.05,124,5787,40660,1.0865,1.0878,1.085,1.0867,1046,8493,89.97,,,,,,,,
2022/04/09,NA,NA,NA,NA,NA,NA,NA,NA,NA,NA,NA,NA,NA,NA,,,,,,,,
2022/04/10,NA,NA,NA,NA,NA,NA,NA,NA,NA,NA,NA,NA,NA,NA,,,,,,,,
2022/04/11,124.4,125.43,124.19,125.25,125,7182,40681,1.0885,1.091,1.0875,1.091,1407,5251,89.35,,,,,,,,
2022/04/12,125.49,125.75,125.12,125.53,125.53,7563,52813,1.0878,1.0887,1.0854,1.0871,890,5778,89.36,,,,,,,,
2022/04/13,125.42,126.31,125.36,126.06,125.6,6099,41853,1.0826,1.0842,1.0812,1.0839,1049,7781,89.04,,,,,,,,
2022/04/14,125.37,125.68,125.08,125.34,125.3,5394,40912,1.0896,1.092,1.0883,1.0909,1079,4501,89.05,,,,,,,,
2022/04/15,126.19,126.7,125.9,126.47,126.4,3167,38816,1.0821,1.082,1.0796,1.0811,534,324,88.66,,,,,,,,
2022/04/16,NA,NA,NA,NA,NA,NA,NA,NA,NA,NA,NA,NA,NA,NA,,,,,,,,
2022/04/17,NA,NA,NA,NA,NA,NA,NA,NA,NA,NA,NA,NA,NA,NA,,,,,,,,
2022/04/18,126.62,126.79,126.25,126.64,126.64,4128,47227,1.0815,1.082,1.0788,1.0791,762,69,88.36,,,,,,,,
2022/04/19,127.15,128.32,126.99,128.07,127.34,8224,46748,1.078,1.0801,1.0762,1.0802,925,4585,87.23,,,,,,,,
2022/04/20,129.31,129.43,128.07,128.66,129.4,11083,39767,1.0795,1.0823,1.0785,1.0809,1520,7759,87.92,,,,,,,,
2022/04/21,128,128.64,127.83,128.03,128.28,5789,46248,1.0849,1.0935,1.0824,1.0928,1871,8086,87.81,,,,,,,,
2022/04/22,128.43,128.69,127.74,128.07,128.61,6779,42087,1.0835,1.0851,1.0804,1.0807,1183,7258,88.15,,,,,,,,
2022/04/23,NA,NA,NA,NA,NA,NA,NA,NA,NA,NA,NA,NA,NA,NA,,,,,,,,
2022/04/24,NA,NA,NA,NA,NA,NA,NA,NA,NA,NA,NA,NA,NA,NA,,,,,,,,
2022/04/25,128.61,128.87,127.99,128.2,128.78,7566,44788,1.081,1.0811,1.0708,1.0739,2174,9339,88.84,,,,,,,,
2022/04/26,127.78,128.23,127.35,127.88,127.6,7607,44730,1.0713,1.0738,1.0675,1.0677,2305,12397,89.72,,,,,,,,
2022/04/27,127.26,128.1,126.96,127.99,127.62,8023,51346,1.0644,1.0655,1.0588,1.0624,2774,9979,89.03,,,,,,,,
2022/04/28,128.44,130.68,128.36,130.6,129.9,14561,38975,1.0554,1.0562,1.0481,1.0555,4039,13498,87.83,,,,,,,,
2022/04/29,NA,NA,NA,NA,NA,NA,NA,NA,NA,NA,NA,NA,NA,NA,,,,,,,,
2022/04/30,NA,NA,NA,NA,NA,NA,NA,NA,NA,NA,NA,NA,NA,NA,,,,,,,,
2022/05/01,NA,NA,NA,NA,NA,NA,NA,NA,NA,NA,NA,NA,NA,NA,,,,,,,,
2022/05/02,130,130.47,129.62,130.11,130.07,6043,32149,1.0537,1.0563,1.051,1.0534,618,12786,88.21,,,,,,,,
2022/05/03,NA,NA,NA,NA,NA,NA,NA,NA,NA,NA,NA,NA,NA,NA,,,,,,,,
2022/05/04,NA,NA,NA,NA,NA,NA,NA,NA,NA,NA,NA,NA,NA,NA,,,,,,,,
2022/05/05,NA,NA,NA,NA,NA,NA,NA,NA,NA,NA,NA,NA,NA,NA,,,,,,,,
2022/05/06,130.34,130.8,130.1,130.52,130.5,6417,54011,1.054,1.055,1.0485,1.052,2107,8497,88.15,,,,,,,,
2022/05/07,NA,NA,NA,NA,NA,NA,NA,NA,NA,NA,NA,NA,NA,NA,,,,,,,,
2022/05/08,NA,NA,NA,NA,NA,NA,NA,NA,NA,NA,NA,NA,NA,NA,,,,,,,,
2022/05/09,130.73,131.34,130.64,131.21,130.8,5231,44283,1.0533,1.0545,1.0496,1.0512,1493,9369,88.8,,,,,,,,
2022/05/10,130.38,130.57,129.8,130.36,130.35,6116,55860,1.0564,1.0584,1.0554,1.0557,988,7973,88.75,,,,,,,,
2022/05/11,130.37,130.49,129.9,129.97,130.4,4844,54952,1.0529,1.0559,1.0526,1.0551,1075,7298,89.01,,,,,,,,
2022/05/12,129.85,130.05,128.6,128.84,129.74,7404,48310,1.0512,1.0528,1.0445,1.046,1569,4825,90.7,,,,,,,,
2022/05/13,128.6,129.36,128.35,128.81,128.9,6503,72139,1.0379,1.0418,1.0374,1.0415,1938,6736,89.94,,,,,,,,
2022/05/14,NA,NA,NA,NA,NA,NA,NA,NA,NA,NA,NA,NA,NA,NA,,,,,,,,
2022/05/15,NA,NA,NA,NA,NA,NA,NA,NA,NA,NA,NA,NA,NA,NA,,,,,,,,
2022/05/16,129.41,129.67,128.7,129.36,128.95,3360,41444,1.04,1.0424,1.0391,1.041,710,10372,89.91,,,,,,,,
2022/05/17,128.93,129.44,128.83,129.4,129.34,4263,56515,1.044,1.0475,1.0433,1.0464,1657,5654,89.23,,,,,,,,
2022/05/18,129.43,129.53,128.95,129.33,129.31,4326,41579,1.0549,1.0563,1.0515,1.0517,1062,8297,90.34,,,,,,,,
2022/05/19,127.93,128.93,127.9,128.23,128.4,6304,41001,1.0474,1.0505,1.0466,1.0493,1908,7586,90.11,,,,,,,,
2022/05/20,127.85,128.21,127.54,127.93,127.76,4933,55151,1.058,1.0592,1.0557,1.0577,678,6097,90,,,,,,,,
2022/05/21,NA,NA,NA,NA,NA,NA,NA,NA,NA,NA,NA,NA,NA,NA,,,,,,,,
2022/05/22,NA,NA,NA,NA,NA,NA,NA,NA,NA,NA,NA,NA,NA,NA,,,,,,,,
2022/05/23,127.9,128.04,127.16,127.59,127.76,3279,38149,1.057,1.0614,1.0559,1.0601,1009,9069,89.43,,,,,,,,
2022/05/24,127.81,128.08,127.25,127.28,127.87,5790,32369,1.0683,1.0734,1.0662,1.0731,1094,10990,90.13,,,,,,,,
2022/05/25,126.74,127.29,126.67,127.12,126.97,6146,37684,1.0733,1.0737,1.0683,1.0685,962,6030,90.11,,,,,,,,
2022/05/26,127.14,127.57,126.56,126.6,127.48,6146,46262,1.0688,1.0707,1.0665,1.0689,1181,11002,90.39,,,,,,,,
2022/05/27,127.1,127.2,126.68,127.14,127.01,4434,37406,1.0733,1.0764,1.0729,1.0736,1063,6211,90.08,,,,,,,,
2022/05/28,NA,NA,NA,NA,NA,NA,NA,NA,NA,NA,NA,NA,NA,NA,,,,,,,,
2022/05/29,NA,NA,NA,NA,NA,NA,NA,NA,NA,NA,NA,NA,NA,NA,,,,,,,,
2022/05/30,127.27,127.39,126.86,127.36,127.02,2890,21784,1.073,1.077,1.0728,1.0744,656,4757,89.36,,,,,,,,
2022/05/31,127.79,128.33,127.53,127.76,128.2,7388,42342,1.0774,1.0776,1.073,1.0737,895,11550,88.78,,,,,,,,
2022/06/01,128.75,129.54,128.65,129.4,128.92,6026,54978,1.0734,1.0737,1.0706,1.0715,657,7276,88.05,,,,,,,,
2022/06/02,130.14,130.23,129.78,129.89,130.04,5473,37468,1.0651,1.0691,1.0646,1.0687,703,10796,87.93,,,,,,,,
2022/06/03,129.95,130.05,129.7,129.89,129.82,5780,34086,1.0751,1.0764,1.0746,1.0757,916,6770,87.36,,,,,,,,
2022/06/04,NA,NA,NA,NA,NA,NA,NA,NA,NA,NA,NA,NA,NA,NA,,,,,,,,
2022/06/05,NA,NA,NA,NA,NA,NA,NA,NA,NA,NA,NA,NA,NA,NA,,,,,,,,
2022/06/06,130.74,130.99,130.44,130.77,130.75,3853,35731,1.0724,1.074,1.071,1.0743,403,4233,86.71,,,,,,,,
2022/06/07,132.19,133,131.9,132.77,132.23,5891,52451,1.0691,1.0698,1.0666,1.0688,718,6191,86.33,,,,,,,,
2022/06/08,132.81,133.63,132.6,133.58,132.9,6474,51490,1.0698,1.0706,1.0678,1.0689,920,9534,85.35,,,,,,,,
2022/06/09,134.44,134.55,133.4,133.48,134.44,6096,50407,1.0717,1.0732,1.0703,1.0703,1113,11130,85.51,,,,,,,,
2022/06/10,134.37,134.48,133.37,133.61,134.2,6616,61360,1.062,1.0642,1.0611,1.0626,1204,3923,85.86,,,,,,,,
2022/06/11,NA,NA,NA,NA,NA,NA,NA,NA,NA,NA,NA,NA,NA,NA,,,,,,,,
2022/06/12,NA,NA,NA,NA,NA,NA,NA,NA,NA,NA,NA,NA,NA,NA,,,,,,,,
2022/06/13,134.78,135.2,134.44,134.6,135,5886,45210,1.0491,1.0519,1.0465,1.0467,1115,8069,86.46,,,,,,,,
2022/06/14,134.22,134.82,133.89,134.43,134.12,5158,44497,1.0415,1.0475,1.0398,1.0468,1154,6320,85.77,,,,,,,,
2022/06/15,135.27,135.53,134.53,134.71,134.99,5930,47606,1.0438,1.0493,1.0419,1.0466,1355,4195,86.45,,,,,,,,
2022/06/16,134.06,134.68,133.95,134.23,134.26,5134,41467,1.0458,1.0467,1.0384,1.0397,858,7147,87.41,,,,,,,,
2022/06/17,132.41,134.63,132.19,134.29,133.2,7002,26847,1.0547,1.055,1.0499,1.0518,985,4999,85.8,,,,,,,,
2022/06/18,NA,NA,NA,NA,NA,NA,NA,NA,NA,NA,NA,NA,NA,NA,,,,,,,,
2022/06/19,NA,NA,NA,NA,NA,NA,NA,NA,NA,NA,NA,NA,NA,NA,,,,,,,,
2022/06/20,135.29,135.44,134.55,134.67,135.25,2975,22877,1.0491,1.054,1.0485,1.0518,394,4704,85.62,,,,,,,,
2022/06/21,135.1,135.28,134.92,135.23,135.19,4374,51687,1.0517,1.0565,1.0515,1.0557,704,7658,84.59,,,,,,,,
2022/06/22,136.33,136.71,136.05,136.24,136.47,5501,49853,1.0532,1.0535,1.047,1.0505,1023,5646,84.87,,,,,,,,
2022/06/23,135.99,136.2,135.16,135.38,135.2,5909,44874,1.0565,1.058,1.05,1.0508,1232,8190,85.79,,,,,,,,
2022/06/24,134.82,135.22,134.36,134.54,135.19,5280,40293,1.052,1.0545,1.0513,1.0525,898,5749,85.43,,,,,,,,
2022/06/25,NA,NA,NA,NA,NA,NA,NA,NA,NA,NA,NA,NA,NA,NA,,,,,,,,
2022/06/26,NA,NA,NA,NA,NA,NA,NA,NA,NA,NA,NA,NA,NA,NA,,,,,,,,
2022/06/27,135.05,135.22,134.54,135.08,134.6,4579,38401,1.0567,1.0591,1.055,1.0588,870,8388,85.22,,,,,,,,
2022/06/28,135.44,135.82,135.12,135.76,135.45,4239,50052,1.058,1.0605,1.0571,1.0585,1011,11768,84.99,,,,,,,,
2022/06/29,136.06,136.28,135.8,136.03,136.11,4502,42171,1.0521,1.0535,1.0487,1.0516,1580,4581,84.82,,,,,,,,
2022/06/30,136.61,136.8,135.98,136.2,136.63,7788,73985,1.0447,1.0466,1.043,1.0446,1377,11045,85.32,,,,,,,,
2022/07/01,135.8,135.99,134.75,135.31,135.98,6165,29418,1.0478,1.048,1.0435,1.0446,854,8065,85.91,,,,,,,,
2022/07/02,NA,NA,NA,NA,NA,NA,NA,NA,NA,NA,NA,NA,NA,NA,,,,,,,,
2022/07/03,NA,NA,NA,NA,NA,NA,NA,NA,NA,NA,NA,NA,NA,NA,,,,,,,,
2022/07/04,135.02,135.51,134.8,135.45,134.94,2327,30270,1.0433,1.0444,1.0423,1.0431,575,3649,85.63,,,,,,,,
2022/07/05,135.86,136.36,135.69,136.09,136.13,5018,40243,1.0433,1.0448,1.0367,1.0375,1145,7232,86.06,,,,,,,,
2022/07/06,135.55,135.88,135.03,135.43,135.68,5242,49257,1.0257,1.0277,1.0239,1.0259,1568,7969,86.1,,,,,,,,
2022/07/07,135.95,136.17,135.55,136.13,135.7,4358,52622,1.0185,1.022,1.0177,1.0192,1523,4682,85.97,,,,,,,,
2022/07/08,135.92,136.15,135.35,135.84,136.02,6998,61933,1.017,1.0191,1.0075,1.0109,1508,8384,85.82,,,,,,,,
2022/07/09,NA,NA,NA,NA,NA,NA,NA,NA,NA,NA,NA,NA,NA,NA,,,,,,,,
2022/07/10,NA,NA,NA,NA,NA,NA,NA,NA,NA,NA,NA,NA,NA,NA,,,,,,,,
2022/07/11,136.31,137.28,136.15,136.81,136.45,5051,38400,1.0168,1.0181,1.0108,1.0112,828,5447,85.47,,,,,,,,
2022/07/12,137.42,137.51,137.03,137.35,137.15,5015,58289,1.0045,1.0055,1.0003,1.0009,2861,5187,85.86,,,,,,,,
2022/07/13,136.75,137.25,136.7,137.05,137.12,5606,69637,1.003,1.0049,1.0008,1.0033,1940,7663,85.41,,,,,,,,
2022/07/14,,,,,,,,,,,,,,,,,,,,,,
2022/07/15,,,,,,,,,,,,,,,,,,,,,,
2022/07/16,,,,,,,,,,,,,,,,,,,,,,
2022/07/17,,,,,,,,,,,,,,,,,,,,,,
2022/07/18,,,,,,,,,,,,,,,,,,,,,,
2022/07/19,,,,,,,,,,,,,,,,,,,,,,
2022/07/20,,,,,,,,,,,,,,,,,,,,,,
2022/07/21,,,,,,,,,,,,,,,,,,,,,,
2022/07/22,,,,,,,,,,,,,,,,,,,,,,
2022/07/23,,,,,,,,,,,,,,,,,,,,,,
2022/07/24,,,,,,,,,,,,,,,,,,,,,,
2022/07/25,,,,,,,,,,,,,,,,,,,,,,
2022/07/26,,,,,,,,,,,,,,,,,,,,,,
2022/07/27,,,,,,,,,,,,,,,,,,,,,,
2022/07/28,,,,,,,,,,,,,,,,,,,,,,
2022/07/29,,,,,,,,,,,,,,,,,,,,,,
2022/07/30,,,,,,,,,,,,,,,,,,,,,,
2022/07/31,,,,,,,,,,,,,,,,,,,,,,
2022/08/01,,,,,,,,,,,,,,,,,,,,,,
2022/08/02,,,,,,,,,,,,,,,,,,,,,,
2022/08/03,,,,,,,,,,,,,,,,,,,,,,
2022/08/04,,,,,,,,,,,,,,,,,,,,,,
2022/08/05,,,,,,,,,,,,,,,,,,,,,,
2022/08/06,,,,,,,,,,,,,,,,,,,,,,
2022/08/07,,,,,,,,,,,,,,,,,,,,,,
2022/08/08,,,,,,,,,,,,,,,,,,,,,,
2022/08/09,,,,,,,,,,,,,,,,,,,,,,
2022/08/10,,,,,,,,,,,,,,,,,,,,,,
2022/08/11,,,,,,,,,,,,,,,,,,,,,,
2022/08/12,,,,,,,,,,,,,,,,,,,,,,
2022/08/13,,,,,,,,,,,,,,,,,,,,,,
2022/08/14,,,,,,,,,,,,,,,,,,,,,,
2022/08/15,,,,,,,,,,,,,,,,,,,,,,
2022/08/16,,,,,,,,,,,,,,,,,,,,,,
2022/08/17,,,,,,,,,,,,,,,,,,,,,,
2022/08/18,,,,,,,,,,,,,,,,,,,,,,
2022/08/19,,,,,,,,,,,,,,,,,,,,,,
2022/08/20,,,,,,,,,,,,,,,,,,,,,,
2022/08/21,,,,,,,,,,,,,,,,,,,,,,
2022/08/22,,,,,,,,,,,,,,,,,,,,,,
2022/08/23,,,,,,,,,,,,,,,,,,,,,,
2022/08/24,,,,,,,,,,,,,,,,,,,,,,
2022/08/25,,,,,,,,,,,,,,,,,,,,,,
2022/08/26,,,,,,,,,,,,,,,,,,,,,,
2022/08/27,,,,,,,,,,,,,,,,,,,,,,
2022/08/28,,,,,,,,,,,,,,,,,,,,,,
2022/08/29,,,,,,,,,,,,,,,,,,,,,,
2022/08/30,,,,,,,,,,,,,,,,,,,,,,
2022/08/31,,,,,,,,,,,,,,,,,,,,,,
2022/09/01,,,,,,,,,,,,,,,,,,,,,,
2022/09/02,,,,,,,,,,,,,,,,,,,,,,
2022/09/03,,,,,,,,,,,,,,,,,,,,,,
2022/09/04,,,,,,,,,,,,,,,,,,,,,,
2022/09/05,,,,,,,,,,,,,,,,,,,,,,
2022/09/06,,,,,,,,,,,,,,,,,,,,,,
2022/09/07,,,,,,,,,,,,,,,,,,,,,,
2022/09/08,,,,,,,,,,,,,,,,,,,,,,
2022/09/09,,,,,,,,,,,,,,,,,,,,,,
2022/09/10,,,,,,,,,,,,,,,,,,,,,,
2022/09/11,,,,,,,,,,,,,,,,,,,,,,
2022/09/12,,,,,,,,,,,,,,,,,,,,,,
2022/09/13,,,,,,,,,,,,,,,,,,,,,,
2022/09/14,,,,,,,,,,,,,,,,,,,,,,
2022/09/15,,,,,,,,,,,,,,,,,,,,,,
2022/09/16,,,,,,,,,,,,,,,,,,,,,,
2022/09/17,,,,,,,,,,,,,,,,,,,,,,
2022/09/18,,,,,,,,,,,,,,,,,,,,,,
2022/09/19,,,,,,,,,,,,,,,,,,,,,,
2022/09/20,,,,,,,,,,,,,,,,,,,,,,
2022/09/21,,,,,,,,,,,,,,,,,,,,,,
2022/09/22,,,,,,,,,,,,,,,,,,,,,,
2022/09/23,,,,,,,,,,,,,,,,,,,,,,
2022/09/24,,,,,,,,,,,,,,,,,,,,,,
2022/09/25,,,,,,,,,,,,,,,,,,,,,,
2022/09/26,,,,,,,,,,,,,,,,,,,,,,
2022/09/27,,,,,,,,,,,,,,,,,,,,,,
2022/09/28,,,,,,,,,,,,,,,,,,,,,,
2022/09/29,,,,,,,,,,,,,,,,,,,,,,
2022/09/30,,,,,,,,,,,,,,,,,,,,,,
2022/10/01,,,,,,,,,,,,,,,,,,,,,,
2022/10/02,,,,,,,,,,,,,,,,,,,,,,
2022/10/03,,,,,,,,,,,,,,,,,,,,,,
2022/10/04,,,,,,,,,,,,,,,,,,,,,,
2022/10/05,,,,,,,,,,,,,,,,,,,,,,
2022/10/06,,,,,,,,,,,,,,,,,,,,,,
2022/10/07,,,,,,,,,,,,,,,,,,,,,,
2022/10/08,,,,,,,,,,,,,,,,,,,,,,
2022/10/09,,,,,,,,,,,,,,,,,,,,,,
2022/10/10,,,,,,,,,,,,,,,,,,,,,,
2022/10/11,,,,,,,,,,,,,,,,,,,,,,
2022/10/12,,,,,,,,,,,,,,,,,,,,,,
2022/10/13,,,,,,,,,,,,,,,,,,,,,,
2022/10/14,,,,,,,,,,,,,,,,,,,,,,
2022/10/15,,,,,,,,,,,,,,,,,,,,,,
2022/10/16,,,,,,,,,,,,,,,,,,,,,,
2022/10/17,,,,,,,,,,,,,,,,,,,,,,
2022/10/18,,,,,,,,,,,,,,,,,,,,,,
2022/10/19,,,,,,,,,,,,,,,,,,,,,,
2022/10/20,,,,,,,,,,,,,,,,,,,,,,
2022/10/21,,,,,,,,,,,,,,,,,,,,,,
2022/10/22,,,,,,,,,,,,,,,,,,,,,,
2022/10/23,,,,,,,,,,,,,,,,,,,,,,
2022/10/24,,,,,,,,,,,,,,,,,,,,,,
2022/10/25,,,,,,,,,,,,,,,,,,,,,,
2022/10/26,,,,,,,,,,,,,,,,,,,,,,
2022/10/27,,,,,,,,,,,,,,,,,,,,,,
2022/10/28,,,,,,,,,,,,,,,,,,,,,,
2022/10/29,,,,,,,,,,,,,,,,,,,,,,
2022/10/30,,,,,,,,,,,,,,,,,,,,,,
2022/10/31,,,,,,,,,,,,,,,,,,,,,,
2022/11/01,,,,,,,,,,,,,,,,,,,,,,
2022/11/02,,,,,,,,,,,,,,,,,,,,,,
2022/11/03,,,,,,,,,,,,,,,,,,,,,,
2022/11/04,,,,,,,,,,,,,,,,,,,,,,
2022/11/05,,,,,,,,,,,,,,,,,,,,,,
2022/11/06,,,,,,,,,,,,,,,,,,,,,,
2022/11/07,,,,,,,,,,,,,,,,,,,,,,
2022/11/08,,,,,,,,,,,,,,,,,,,,,,
2022/11/09,,,,,,,,,,,,,,,,,,,,,,
2022/11/10,,,,,,,,,,,,,,,,,,,,,,
2022/11/11,,,,,,,,,,,,,,,,,,,,,,
2022/11/12,,,,,,,,,,,,,,,,,,,,,,
2022/11/13,,,,,,,,,,,,,,,,,,,,,,
2022/11/14,,,,,,,,,,,,,,,,,,,,,,
2022/11/15,,,,,,,,,,,,,,,,,,,,,,
2022/11/16,,,,,,,,,,,,,,,,,,,,,,
2022/11/17,,,,,,,,,,,,,,,,,,,,,,
2022/11/18,,,,,,,,,,,,,,,,,,,,,,
2022/11/19,,,,,,,,,,,,,,,,,,,,,,
2022/11/20,,,,,,,,,,,,,,,,,,,,,,
2022/11/21,,,,,,,,,,,,,,,,,,,,,,
2022/11/22,,,,,,,,,,,,,,,,,,,,,,
2022/11/23,,,,,,,,,,,,,,,,,,,,,,
2022/11/24,,,,,,,,,,,,,,,,,,,,,,
2022/11/25,,,,,,,,,,,,,,,,,,,,,,
2022/11/26,,,,,,,,,,,,,,,,,,,,,,
2022/11/27,,,,,,,,,,,,,,,,,,,,,,
2022/11/28,,,,,,,,,,,,,,,,,,,,,,
2022/11/29,,,,,,,,,,,,,,,,,,,,,,
2022/11/30,,,,,,,,,,,,,,,,,,,,,,
2022/12/01,,,,,,,,,,,,,,,,,,,,,,
2022/12/02,,,,,,,,,,,,,,,,,,,,,,
2022/12/03,,,,,,,,,,,,,,,,,,,,,,
2022/12/04,,,,,,,,,,,,,,,,,,,,,,
2022/12/05,,,,,,,,,,,,,,,,,,,,,,
2022/12/06,,,,,,,,,,,,,,,,,,,,,,
2022/12/07,,,,,,,,,,,,,,,,,,,,,,
2022/12/08,,,,,,,,,,,,,,,,,,,,,,
2022/12/09,,,,,,,,,,,,,,,,,,,,,,
2022/12/10,,,,,,,,,,,,,,,,,,,,,,
2022/12/11,,,,,,,,,,,,,,,,,,,,,,
2022/12/12,,,,,,,,,,,,,,,,,,,,,,
2022/12/13,,,,,,,,,,,,,,,,,,,,,,
2022/12/14,,,,,,,,,,,,,,,,,,,,,,
2022/12/15,,,,,,,,,,,,,,,,,,,,,,
2022/12/16,,,,,,,,,,,,,,,,,,,,,,
2022/12/17,,,,,,,,,,,,,,,,,,,,,,
2022/12/18,,,,,,,,,,,,,,,,,,,,,,
2022/12/19,,,,,,,,,,,,,,,,,,,,,,
2022/12/20,,,,,,,,,,,,,,,,,,,,,,
2022/12/21,,,,,,,,,,,,,,,,,,,,,,
2022/12/22,,,,,,,,,,,,,,,,,,,,,,
2022/12/23,,,,,,,,,,,,,,,,,,,,,,
2022/12/24,,,,,,,,,,,,,,,,,,,,,,
2022/12/25,,,,,,,,,,,,,,,,,,,,,,
2022/12/26,,,,,,,,,,,,,,,,,,,,,,
2022/12/27,,,,,,,,,,,,,,,,,,,,,,
2022/12/28,,,,,,,,,,,,,,,,,,,,,,
2022/12/29,,,,,,,,,,,,,,,,,,,,,,
2022/12/30,,,,,,,,,,,,,,,,,,,,,,
2022/12/31,,,,,,,,,,,,,,,,,,,,,,
